alpha,xi,sigma,beta,gamma0,threshold_scale,num_seeds,final_total_mean,final_total_std,final_upper_mean,final_upper_std,final_lower_mean,final_lower_std,final_max_constraint_mean,final_max_constraint_std,final_score_mean,final_score_std,tail_mean_total_mean,tail_mean_total_std,tail_mean_upper_mean,tail_mean_upper_std,tail_mean_lower_mean,tail_mean_lower_std,tail_mean_max_constraint_mean,tail_mean_max_constraint_std,tail_score_mean,tail_score_std,best_total_mean,best_total_std,best_upper_mean,best_upper_std,best_lower_mean,best_lower_std,best_max_constraint_mean,best_max_constraint_std,time_mean,time_std,method,status,error
0.001,0.01,0.001,0.001,10.0,1.0,1,0.27561965584754944,0.0,0.275582879781723,0.0,3.676773121696897e-05,0.0,0.34640422463417053,0.0,0.62202388048172,0.0,0.27561965584754944,0.0,0.275582879781723,0.0,3.676773121696897e-05,0.0,0.34640422463417053,0.0,0.62202388048172,0.0,0.27561965584754944,0.0,0.275582879781723,0.0,3.676773121696897e-05,0.0,0.34640422463417053,0.0,7.9692348865792155,0.0,SG,ok,
0.001,0.01,0.001,0.01,10.0,1.0,1,0.27561965584754944,0.0,0.275582879781723,0.0,3.676773121696897e-05,0.0,0.34640422463417053,0.0,0.62202388048172,0.0,0.27561965584754944,0.0,0.275582879781723,0.0,3.676773121696897e-05,0.0,0.34640422463417053,0.0,0.62202388048172,0.0,0.27561965584754944,0.0,0.275582879781723,0.0,3.676773121696897e-05,0.0,0.34640422463417053,0.0,7.958784177899361,0.0,SG,ok,
0.001,0.01,0.001,0.1,10.0,1.0,1,0.27561965584754944,0.0,0.275582879781723,0.0,3.676773121696897e-05,0.0,0.34640422463417053,0.0,0.62202388048172,0.0,0.27561965584754944,0.0,0.275582879781723,0.0,3.676773121696897e-05,0.0,0.34640422463417053,0.0,0.62202388048172,0.0,0.27561965584754944,0.0,0.275582879781723,0.0,3.676773121696897e-05,0.0,0.34640422463417053,0.0,7.930654004216194,0.0,SG,ok,
0.001,0.0001,0.001,0.01,10.0,1.0,1,0.275623083114624,0.0,0.27558669447898865,0.0,3.6387311411090195e-05,0.0,0.3525002896785736,0.0,0.6281233727931976,0.0,0.275623083114624,0.0,0.27558669447898865,0.0,3.6387311411090195e-05,0.0,0.3525002896785736,0.0,0.6281233727931976,0.0,0.275623083114624,0.0,0.27558669447898865,0.0,3.6387311411090195e-05,0.0,0.3525002896785736,0.0,7.955382236279547,0.0,SG,ok,
0.001,0.0001,0.001,0.001,10.0,1.0,1,0.275623083114624,0.0,0.27558669447898865,0.0,3.6387311411090195e-05,0.0,0.3525002896785736,0.0,0.6281233727931976,0.0,0.275623083114624,0.0,0.27558669447898865,0.0,3.6387311411090195e-05,0.0,0.3525002896785736,0.0,0.6281233727931976,0.0,0.275623083114624,0.0,0.27558669447898865,0.0,3.6387311411090195e-05,0.0,0.3525002896785736,0.0,8.014885034412146,0.0,SG,ok,
0.001,0.0001,0.001,0.1,10.0,1.0,1,0.275623083114624,0.0,0.27558669447898865,0.0,3.6387311411090195e-05,0.0,0.3525002896785736,0.0,0.6281233727931976,0.0,0.275623083114624,0.0,0.27558669447898865,0.0,3.6387311411090195e-05,0.0,0.3525002896785736,0.0,0.6281233727931976,0.0,0.275623083114624,0.0,0.27558669447898865,0.0,3.6387311411090195e-05,0.0,0.3525002896785736,0.0,7.970789870247245,0.0,SG,ok,
0.001,0.1,0.001,0.001,10.0,1.0,1,0.2758529484272003,0.0,0.275839239358902,0.0,1.369557503494434e-05,0.0,0.5915731191635132,0.0,0.8674260675907135,0.0,0.2758529484272003,0.0,0.275839239358902,0.0,1.369557503494434e-05,0.0,0.5915731191635132,0.0,0.8674260675907135,0.0,0.2758529484272003,0.0,0.275839239358902,0.0,1.369557503494434e-05,0.0,0.5915731191635132,0.0,7.920784402638674,0.0,SG,ok,
0.001,0.1,0.001,0.01,10.0,1.0,1,0.2758529484272003,0.0,0.275839239358902,0.0,1.369557503494434e-05,0.0,0.5915731191635132,0.0,0.8674260675907135,0.0,0.2758529484272003,0.0,0.275839239358902,0.0,1.369557503494434e-05,0.0,0.5915731191635132,0.0,0.8674260675907135,0.0,0.2758529484272003,0.0,0.275839239358902,0.0,1.369557503494434e-05,0.0,0.5915731191635132,0.0,7.940745193511248,0.0,SG,ok,
0.001,0.1,0.001,0.1,10.0,1.0,1,0.2758529484272003,0.0,0.275839239358902,0.0,1.369557503494434e-05,0.0,0.5915731191635132,0.0,0.8674260675907135,0.0,0.2758529484272003,0.0,0.275839239358902,0.0,1.369557503494434e-05,0.0,0.5915731191635132,0.0,0.8674260675907135,0.0,0.2758529484272003,0.0,0.275839239358902,0.0,1.369557503494434e-05,0.0,0.5915731191635132,0.0,7.9338888907805085,0.0,SG,ok,
0.001,0.0001,0.01,0.001,10.0,1.0,1,0.28319451212882996,0.0,0.2825135886669159,0.0,0.0006809320184402168,0.0,1.019192099571228,0.0,1.302386611700058,0.0,0.28319451212882996,0.0,0.2825135886669159,0.0,0.0006809320184402168,0.0,1.019192099571228,0.0,1.302386611700058,0.0,0.28319451212882996,0.0,0.2825135886669159,0.0,0.0006809320184402168,0.0,1.019192099571228,0.0,7.9343288550153375,0.0,SG,ok,
0.001,0.0001,0.01,0.01,10.0,1.0,1,0.28319451212882996,0.0,0.2825135886669159,0.0,0.0006809320184402168,0.0,1.019192099571228,0.0,1.302386611700058,0.0,0.28319451212882996,0.0,0.2825135886669159,0.0,0.0006809320184402168,0.0,1.019192099571228,0.0,1.302386611700058,0.0,0.28319451212882996,0.0,0.2825135886669159,0.0,0.0006809320184402168,0.0,1.019192099571228,0.0,7.934267770498991,0.0,SG,ok,
0.001,0.0001,0.01,0.1,10.0,1.0,1,0.28319451212882996,0.0,0.2825135886669159,0.0,0.0006809320184402168,0.0,1.019192099571228,0.0,1.302386611700058,0.0,0.28319451212882996,0.0,0.2825135886669159,0.0,0.0006809320184402168,0.0,1.019192099571228,0.0,1.302386611700058,0.0,0.28319451212882996,0.0,0.2825135886669159,0.0,0.0006809320184402168,0.0,1.019192099571228,0.0,7.950822817161679,0.0,SG,ok,
0.001,0.001,0.01,0.001,10.0,1.0,1,0.28319451212882996,0.0,0.2825135886669159,0.0,0.0006809320184402168,0.0,1.019192099571228,0.0,1.302386611700058,0.0,0.28319451212882996,0.0,0.2825135886669159,0.0,0.0006809320184402168,0.0,1.019192099571228,0.0,1.302386611700058,0.0,0.28319451212882996,0.0,0.2825135886669159,0.0,0.0006809320184402168,0.0,1.019192099571228,0.0,7.948625849559903,0.0,SG,ok,
0.001,0.001,0.01,0.01,10.0,1.0,1,0.28319451212882996,0.0,0.2825135886669159,0.0,0.0006809320184402168,0.0,1.019192099571228,0.0,1.302386611700058,0.0,0.28319451212882996,0.0,0.2825135886669159,0.0,0.0006809320184402168,0.0,1.019192099571228,0.0,1.302386611700058,0.0,0.28319451212882996,0.0,0.2825135886669159,0.0,0.0006809320184402168,0.0,1.019192099571228,0.0,7.954849727451801,0.0,SG,ok,
0.001,0.001,0.01,0.1,10.0,1.0,1,0.28319451212882996,0.0,0.2825135886669159,0.0,0.0006809320184402168,0.0,1.019192099571228,0.0,1.302386611700058,0.0,0.28319451212882996,0.0,0.2825135886669159,0.0,0.0006809320184402168,0.0,1.019192099571228,0.0,1.302386611700058,0.0,0.28319451212882996,0.0,0.2825135886669159,0.0,0.0006809320184402168,0.0,1.019192099571228,0.0,7.932153160683811,0.0,SG,ok,
0.001,0.01,0.01,0.001,10.0,1.0,1,0.28319451212882996,0.0,0.2825135886669159,0.0,0.0006809320184402168,0.0,1.019192099571228,0.0,1.302386611700058,0.0,0.28319451212882996,0.0,0.2825135886669159,0.0,0.0006809320184402168,0.0,1.019192099571228,0.0,1.302386611700058,0.0,0.28319451212882996,0.0,0.2825135886669159,0.0,0.0006809320184402168,0.0,1.019192099571228,0.0,7.934242462739348,0.0,SG,ok,
0.001,0.01,0.01,0.01,10.0,1.0,1,0.28319451212882996,0.0,0.2825135886669159,0.0,0.0006809320184402168,0.0,1.019192099571228,0.0,1.302386611700058,0.0,0.28319451212882996,0.0,0.2825135886669159,0.0,0.0006809320184402168,0.0,1.019192099571228,0.0,1.302386611700058,0.0,0.28319451212882996,0.0,0.2825135886669159,0.0,0.0006809320184402168,0.0,1.019192099571228,0.0,7.938807664439082,0.0,SG,ok,
0.001,0.01,0.01,0.1,10.0,1.0,1,0.28319451212882996,0.0,0.2825135886669159,0.0,0.0006809320184402168,0.0,1.019192099571228,0.0,1.302386611700058,0.0,0.28319451212882996,0.0,0.2825135886669159,0.0,0.0006809320184402168,0.0,1.019192099571228,0.0,1.302386611700058,0.0,0.28319451212882996,0.0,0.2825135886669159,0.0,0.0006809320184402168,0.0,1.019192099571228,0.0,7.927640180103481,0.0,SG,ok,
0.001,0.1,0.01,0.001,10.0,1.0,1,0.28319451212882996,0.0,0.2825135886669159,0.0,0.0006809320184402168,0.0,1.019192099571228,0.0,1.302386611700058,0.0,0.28319451212882996,0.0,0.2825135886669159,0.0,0.0006809320184402168,0.0,1.019192099571228,0.0,1.302386611700058,0.0,0.28319451212882996,0.0,0.2825135886669159,0.0,0.0006809320184402168,0.0,1.019192099571228,0.0,7.9276137771084905,0.0,SG,ok,
0.001,0.1,0.01,0.01,10.0,1.0,1,0.28319451212882996,0.0,0.2825135886669159,0.0,0.0006809320184402168,0.0,1.019192099571228,0.0,1.302386611700058,0.0,0.28319451212882996,0.0,0.2825135886669159,0.0,0.0006809320184402168,0.0,1.019192099571228,0.0,1.302386611700058,0.0,0.28319451212882996,0.0,0.2825135886669159,0.0,0.0006809320184402168,0.0,1.019192099571228,0.0,7.955555389635265,0.0,SG,ok,
0.001,0.1,0.01,0.1,10.0,1.0,1,0.28319451212882996,0.0,0.2825135886669159,0.0,0.0006809320184402168,0.0,1.019192099571228,0.0,1.302386611700058,0.0,0.28319451212882996,0.0,0.2825135886669159,0.0,0.0006809320184402168,0.0,1.019192099571228,0.0,1.302386611700058,0.0,0.28319451212882996,0.0,0.2825135886669159,0.0,0.0006809320184402168,0.0,1.019192099571228,0.0,7.938714297488332,0.0,SG,ok,
0.001,0.001,0.001,0.001,10.0,1.0,1,0.2988230288028717,0.0,0.29879122972488403,0.0,3.18072852678597e-05,0.0,0.6287821531295776,0.0,0.9276051819324493,0.0,0.2988230288028717,0.0,0.29879122972488403,0.0,3.18072852678597e-05,0.0,0.6287821531295776,0.0,0.9276051819324493,0.0,0.2988230288028717,0.0,0.29879122972488403,0.0,3.18072852678597e-05,0.0,0.6287821531295776,0.0,7.91621046513319,0.0,SG,ok,
0.001,0.001,0.001,0.01,10.0,1.0,1,0.2988230288028717,0.0,0.29879122972488403,0.0,3.18072852678597e-05,0.0,0.6287821531295776,0.0,0.9276051819324493,0.0,0.2988230288028717,0.0,0.29879122972488403,0.0,3.18072852678597e-05,0.0,0.6287821531295776,0.0,0.9276051819324493,0.0,0.2988230288028717,0.0,0.29879122972488403,0.0,3.18072852678597e-05,0.0,0.6287821531295776,0.0,7.935937052592635,0.0,SG,ok,
0.001,0.001,0.001,0.1,10.0,1.0,1,0.2988230288028717,0.0,0.29879122972488403,0.0,3.18072852678597e-05,0.0,0.6287821531295776,0.0,0.9276051819324493,0.0,0.2988230288028717,0.0,0.29879122972488403,0.0,3.18072852678597e-05,0.0,0.6287821531295776,0.0,0.9276051819324493,0.0,0.2988230288028717,0.0,0.29879122972488403,0.0,3.18072852678597e-05,0.0,0.6287821531295776,0.0,7.957643602974713,0.0,SG,ok,
0.001,0.0001,0.1,0.001,10.0,1.0,1,0.35120439529418945,0.0,0.3510061502456665,0.0,0.00019824547052849084,0.0,1.006330966949463,0.0,1.3575353622436523,0.0,0.35120439529418945,0.0,0.3510061502456665,0.0,0.00019824547052849084,0.0,1.006330966949463,0.0,1.3575353622436523,0.0,0.35120439529418945,0.0,0.3510061502456665,0.0,0.00019824547052849084,0.0,1.006330966949463,0.0,7.931348230689764,0.0,SG,ok,
0.001,0.0001,0.1,0.01,10.0,1.0,1,0.35120439529418945,0.0,0.3510061502456665,0.0,0.00019824547052849084,0.0,1.006330966949463,0.0,1.3575353622436523,0.0,0.35120439529418945,0.0,0.3510061502456665,0.0,0.00019824547052849084,0.0,1.006330966949463,0.0,1.3575353622436523,0.0,0.35120439529418945,0.0,0.3510061502456665,0.0,0.00019824547052849084,0.0,1.006330966949463,0.0,7.942967182025313,0.0,SG,ok,
0.001,0.0001,0.1,0.1,10.0,1.0,1,0.35120439529418945,0.0,0.3510061502456665,0.0,0.00019824547052849084,0.0,1.006330966949463,0.0,1.3575353622436523,0.0,0.35120439529418945,0.0,0.3510061502456665,0.0,0.00019824547052849084,0.0,1.006330966949463,0.0,1.3575353622436523,0.0,0.35120439529418945,0.0,0.3510061502456665,0.0,0.00019824547052849084,0.0,1.006330966949463,0.0,7.9740513656288385,0.0,SG,ok,
0.001,0.0001,0.001,0.001,1000.0,1.0,1,0.5852930545806885,0.0,0.35477352142333984,0.0,0.23051950335502625,0.0,1.6235162019729614,0.0,2.20880925655365,0.0,0.5852930545806885,0.0,0.35477352142333984,0.0,0.23051950335502625,0.0,1.6235162019729614,0.0,2.20880925655365,0.0,0.5852930545806885,0.0,0.35477352142333984,0.0,0.23051950335502625,0.0,1.6235162019729614,0.0,8.001635087653995,0.0,SG,ok,
0.001,0.0001,0.001,0.1,1000.0,1.0,1,0.5852930545806885,0.0,0.35477352142333984,0.0,0.23051950335502625,0.0,1.6235162019729614,0.0,2.20880925655365,0.0,0.5852930545806885,0.0,0.35477352142333984,0.0,0.23051950335502625,0.0,1.6235162019729614,0.0,2.20880925655365,0.0,0.5852930545806885,0.0,0.35477352142333984,0.0,0.23051950335502625,0.0,1.6235162019729614,0.0,7.956081147305667,0.0,SG,ok,
0.001,0.0001,0.001,0.01,1000.0,1.0,1,0.5852930545806885,0.0,0.35477352142333984,0.0,0.23051950335502625,0.0,1.6235162019729614,0.0,2.20880925655365,0.0,0.5852930545806885,0.0,0.35477352142333984,0.0,0.23051950335502625,0.0,1.6235162019729614,0.0,2.20880925655365,0.0,0.5852930545806885,0.0,0.35477352142333984,0.0,0.23051950335502625,0.0,1.6235162019729614,0.0,7.934789071790874,0.0,SG,ok,
0.001,0.001,0.001,0.001,1000.0,1.0,1,0.5852930545806885,0.0,0.35477352142333984,0.0,0.23051950335502625,0.0,1.6235162019729614,0.0,2.20880925655365,0.0,0.5852930545806885,0.0,0.35477352142333984,0.0,0.23051950335502625,0.0,1.6235162019729614,0.0,2.20880925655365,0.0,0.5852930545806885,0.0,0.35477352142333984,0.0,0.23051950335502625,0.0,1.6235162019729614,0.0,7.961581371724606,0.0,SG,ok,
0.001,0.001,0.001,0.01,1000.0,1.0,1,0.5852930545806885,0.0,0.35477352142333984,0.0,0.23051950335502625,0.0,1.6235162019729614,0.0,2.20880925655365,0.0,0.5852930545806885,0.0,0.35477352142333984,0.0,0.23051950335502625,0.0,1.6235162019729614,0.0,2.20880925655365,0.0,0.5852930545806885,0.0,0.35477352142333984,0.0,0.23051950335502625,0.0,1.6235162019729614,0.0,7.997197763994336,0.0,SG,ok,
0.001,0.001,0.001,0.1,1000.0,1.0,1,0.5852930545806885,0.0,0.35477352142333984,0.0,0.23051950335502625,0.0,1.6235162019729614,0.0,2.20880925655365,0.0,0.5852930545806885,0.0,0.35477352142333984,0.0,0.23051950335502625,0.0,1.6235162019729614,0.0,2.20880925655365,0.0,0.5852930545806885,0.0,0.35477352142333984,0.0,0.23051950335502625,0.0,1.6235162019729614,0.0,7.990513862110674,0.0,SG,ok,
0.001,0.01,0.001,0.001,1000.0,1.0,1,0.5852930545806885,0.0,0.35477352142333984,0.0,0.23051950335502625,0.0,1.6235162019729614,0.0,2.20880925655365,0.0,0.5852930545806885,0.0,0.35477352142333984,0.0,0.23051950335502625,0.0,1.6235162019729614,0.0,2.20880925655365,0.0,0.5852930545806885,0.0,0.35477352142333984,0.0,0.23051950335502625,0.0,1.6235162019729614,0.0,7.95121964532882,0.0,SG,ok,
0.001,0.01,0.001,0.01,1000.0,1.0,1,0.5852930545806885,0.0,0.35477352142333984,0.0,0.23051950335502625,0.0,1.6235162019729614,0.0,2.20880925655365,0.0,0.5852930545806885,0.0,0.35477352142333984,0.0,0.23051950335502625,0.0,1.6235162019729614,0.0,2.20880925655365,0.0,0.5852930545806885,0.0,0.35477352142333984,0.0,0.23051950335502625,0.0,1.6235162019729614,0.0,7.9364401660859585,0.0,SG,ok,
0.001,0.01,0.001,0.1,1000.0,1.0,1,0.5852930545806885,0.0,0.35477352142333984,0.0,0.23051950335502625,0.0,1.6235162019729614,0.0,2.20880925655365,0.0,0.5852930545806885,0.0,0.35477352142333984,0.0,0.23051950335502625,0.0,1.6235162019729614,0.0,2.20880925655365,0.0,0.5852930545806885,0.0,0.35477352142333984,0.0,0.23051950335502625,0.0,1.6235162019729614,0.0,7.925278052687645,0.0,SG,ok,
0.001,0.1,0.001,0.001,1000.0,1.0,1,0.5852930545806885,0.0,0.35477352142333984,0.0,0.23051950335502625,0.0,1.6235162019729614,0.0,2.20880925655365,0.0,0.5852930545806885,0.0,0.35477352142333984,0.0,0.23051950335502625,0.0,1.6235162019729614,0.0,2.20880925655365,0.0,0.5852930545806885,0.0,0.35477352142333984,0.0,0.23051950335502625,0.0,1.6235162019729614,0.0,7.926201116293669,0.0,SG,ok,
0.001,0.1,0.001,0.01,1000.0,1.0,1,0.5852930545806885,0.0,0.35477352142333984,0.0,0.23051950335502625,0.0,1.6235162019729614,0.0,2.20880925655365,0.0,0.5852930545806885,0.0,0.35477352142333984,0.0,0.23051950335502625,0.0,1.6235162019729614,0.0,2.20880925655365,0.0,0.5852930545806885,0.0,0.35477352142333984,0.0,0.23051950335502625,0.0,1.6235162019729614,0.0,7.923818860203028,0.0,SG,ok,
0.001,0.1,0.001,0.1,1000.0,1.0,1,0.5852930545806885,0.0,0.35477352142333984,0.0,0.23051950335502625,0.0,1.6235162019729614,0.0,2.20880925655365,0.0,0.5852930545806885,0.0,0.35477352142333984,0.0,0.23051950335502625,0.0,1.6235162019729614,0.0,2.20880925655365,0.0,0.5852930545806885,0.0,0.35477352142333984,0.0,0.23051950335502625,0.0,1.6235162019729614,0.0,7.8786270674318075,0.0,SG,ok,
0.001,0.0001,0.01,0.001,1000.0,1.0,1,0.5852937698364258,0.0,0.35477420687675476,0.0,0.2305195927619934,0.0,1.623516321182251,0.0,2.2088100910186768,0.0,0.5852937698364258,0.0,0.35477420687675476,0.0,0.2305195927619934,0.0,1.623516321182251,0.0,2.2088100910186768,0.0,0.5852937698364258,0.0,0.35477420687675476,0.0,0.2305195927619934,0.0,1.623516321182251,0.0,7.957908685319126,0.0,SG,ok,
0.001,0.0001,0.01,0.01,1000.0,1.0,1,0.5852937698364258,0.0,0.35477420687675476,0.0,0.2305195927619934,0.0,1.623516321182251,0.0,2.2088100910186768,0.0,0.5852937698364258,0.0,0.35477420687675476,0.0,0.2305195927619934,0.0,1.623516321182251,0.0,2.2088100910186768,0.0,0.5852937698364258,0.0,0.35477420687675476,0.0,0.2305195927619934,0.0,1.623516321182251,0.0,7.986110136844218,0.0,SG,ok,
0.001,0.0001,0.01,0.1,1000.0,1.0,1,0.5852937698364258,0.0,0.35477420687675476,0.0,0.2305195927619934,0.0,1.623516321182251,0.0,2.2088100910186768,0.0,0.5852937698364258,0.0,0.35477420687675476,0.0,0.2305195927619934,0.0,1.623516321182251,0.0,2.2088100910186768,0.0,0.5852937698364258,0.0,0.35477420687675476,0.0,0.2305195927619934,0.0,1.623516321182251,0.0,7.956039500422776,0.0,SG,ok,
0.001,0.001,0.01,0.001,1000.0,1.0,1,0.5852937698364258,0.0,0.35477420687675476,0.0,0.2305195927619934,0.0,1.623516321182251,0.0,2.2088100910186768,0.0,0.5852937698364258,0.0,0.35477420687675476,0.0,0.2305195927619934,0.0,1.623516321182251,0.0,2.2088100910186768,0.0,0.5852937698364258,0.0,0.35477420687675476,0.0,0.2305195927619934,0.0,1.623516321182251,0.0,7.932355307042599,0.0,SG,ok,
0.001,0.001,0.01,0.01,1000.0,1.0,1,0.5852937698364258,0.0,0.35477420687675476,0.0,0.2305195927619934,0.0,1.623516321182251,0.0,2.2088100910186768,0.0,0.5852937698364258,0.0,0.35477420687675476,0.0,0.2305195927619934,0.0,1.623516321182251,0.0,2.2088100910186768,0.0,0.5852937698364258,0.0,0.35477420687675476,0.0,0.2305195927619934,0.0,1.623516321182251,0.0,7.949457194656134,0.0,SG,ok,
0.001,0.001,0.01,0.1,1000.0,1.0,1,0.5852937698364258,0.0,0.35477420687675476,0.0,0.2305195927619934,0.0,1.623516321182251,0.0,2.2088100910186768,0.0,0.5852937698364258,0.0,0.35477420687675476,0.0,0.2305195927619934,0.0,1.623516321182251,0.0,2.2088100910186768,0.0,0.5852937698364258,0.0,0.35477420687675476,0.0,0.2305195927619934,0.0,1.623516321182251,0.0,7.959609434008598,0.0,SG,ok,
0.001,0.01,0.01,0.001,1000.0,1.0,1,0.5852937698364258,0.0,0.35477420687675476,0.0,0.2305195927619934,0.0,1.623516321182251,0.0,2.2088100910186768,0.0,0.5852937698364258,0.0,0.35477420687675476,0.0,0.2305195927619934,0.0,1.623516321182251,0.0,2.2088100910186768,0.0,0.5852937698364258,0.0,0.35477420687675476,0.0,0.2305195927619934,0.0,1.623516321182251,0.0,7.938302246853709,0.0,SG,ok,
0.001,0.01,0.01,0.01,1000.0,1.0,1,0.5852937698364258,0.0,0.35477420687675476,0.0,0.2305195927619934,0.0,1.623516321182251,0.0,2.2088100910186768,0.0,0.5852937698364258,0.0,0.35477420687675476,0.0,0.2305195927619934,0.0,1.623516321182251,0.0,2.2088100910186768,0.0,0.5852937698364258,0.0,0.35477420687675476,0.0,0.2305195927619934,0.0,1.623516321182251,0.0,7.899185269139707,0.0,SG,ok,
0.001,0.01,0.01,0.1,1000.0,1.0,1,0.5852937698364258,0.0,0.35477420687675476,0.0,0.2305195927619934,0.0,1.623516321182251,0.0,2.2088100910186768,0.0,0.5852937698364258,0.0,0.35477420687675476,0.0,0.2305195927619934,0.0,1.623516321182251,0.0,2.2088100910186768,0.0,0.5852937698364258,0.0,0.35477420687675476,0.0,0.2305195927619934,0.0,1.623516321182251,0.0,7.939827457070351,0.0,SG,ok,
0.001,0.1,0.01,0.001,1000.0,1.0,1,0.5852937698364258,0.0,0.35477420687675476,0.0,0.2305195927619934,0.0,1.623516321182251,0.0,2.2088100910186768,0.0,0.5852937698364258,0.0,0.35477420687675476,0.0,0.2305195927619934,0.0,1.623516321182251,0.0,2.2088100910186768,0.0,0.5852937698364258,0.0,0.35477420687675476,0.0,0.2305195927619934,0.0,1.623516321182251,0.0,7.945969063788652,0.0,SG,ok,
0.001,0.1,0.01,0.01,1000.0,1.0,1,0.5852937698364258,0.0,0.35477420687675476,0.0,0.2305195927619934,0.0,1.623516321182251,0.0,2.2088100910186768,0.0,0.5852937698364258,0.0,0.35477420687675476,0.0,0.2305195927619934,0.0,1.623516321182251,0.0,2.2088100910186768,0.0,0.5852937698364258,0.0,0.35477420687675476,0.0,0.2305195927619934,0.0,1.623516321182251,0.0,7.912709565833211,0.0,SG,ok,
0.001,0.1,0.01,0.1,1000.0,1.0,1,0.5852937698364258,0.0,0.35477420687675476,0.0,0.2305195927619934,0.0,1.623516321182251,0.0,2.2088100910186768,0.0,0.5852937698364258,0.0,0.35477420687675476,0.0,0.2305195927619934,0.0,1.623516321182251,0.0,2.2088100910186768,0.0,0.5852937698364258,0.0,0.35477420687675476,0.0,0.2305195927619934,0.0,1.623516321182251,0.0,7.904515068046749,0.0,SG,ok,
0.001,0.0001,0.1,0.001,1000.0,1.0,1,0.5853021144866943,0.0,0.35478106141090393,0.0,0.23052102327346802,0.0,1.6235175132751465,0.0,2.208819627761841,0.0,0.5853021144866943,0.0,0.35478106141090393,0.0,0.23052102327346802,0.0,1.6235175132751465,0.0,2.208819627761841,0.0,0.5853021144866943,0.0,0.35478106141090393,0.0,0.23052102327346802,0.0,1.6235175132751465,0.0,7.961476285010576,0.0,SG,ok,
0.001,0.0001,0.1,0.01,1000.0,1.0,1,0.5853021144866943,0.0,0.35478106141090393,0.0,0.23052102327346802,0.0,1.6235175132751465,0.0,2.208819627761841,0.0,0.5853021144866943,0.0,0.35478106141090393,0.0,0.23052102327346802,0.0,1.6235175132751465,0.0,2.208819627761841,0.0,0.5853021144866943,0.0,0.35478106141090393,0.0,0.23052102327346802,0.0,1.6235175132751465,0.0,7.948093292303383,0.0,SG,ok,
0.001,0.0001,0.1,0.1,1000.0,1.0,1,0.5853021144866943,0.0,0.35478106141090393,0.0,0.23052102327346802,0.0,1.6235175132751465,0.0,2.208819627761841,0.0,0.5853021144866943,0.0,0.35478106141090393,0.0,0.23052102327346802,0.0,1.6235175132751465,0.0,2.208819627761841,0.0,0.5853021144866943,0.0,0.35478106141090393,0.0,0.23052102327346802,0.0,1.6235175132751465,0.0,7.928585654124618,0.0,SG,ok,
0.001,0.001,0.1,0.001,1000.0,1.0,1,0.5853021144866943,0.0,0.35478106141090393,0.0,0.23052102327346802,0.0,1.6235175132751465,0.0,2.208819627761841,0.0,0.5853021144866943,0.0,0.35478106141090393,0.0,0.23052102327346802,0.0,1.6235175132751465,0.0,2.208819627761841,0.0,0.5853021144866943,0.0,0.35478106141090393,0.0,0.23052102327346802,0.0,1.6235175132751465,0.0,7.9420018726959825,0.0,SG,ok,
0.001,0.001,0.1,0.01,1000.0,1.0,1,0.5853021144866943,0.0,0.35478106141090393,0.0,0.23052102327346802,0.0,1.6235175132751465,0.0,2.208819627761841,0.0,0.5853021144866943,0.0,0.35478106141090393,0.0,0.23052102327346802,0.0,1.6235175132751465,0.0,2.208819627761841,0.0,0.5853021144866943,0.0,0.35478106141090393,0.0,0.23052102327346802,0.0,1.6235175132751465,0.0,7.921107050962746,0.0,SG,ok,
0.001,0.001,0.1,0.1,1000.0,1.0,1,0.5853021144866943,0.0,0.35478106141090393,0.0,0.23052102327346802,0.0,1.6235175132751465,0.0,2.208819627761841,0.0,0.5853021144866943,0.0,0.35478106141090393,0.0,0.23052102327346802,0.0,1.6235175132751465,0.0,2.208819627761841,0.0,0.5853021144866943,0.0,0.35478106141090393,0.0,0.23052102327346802,0.0,1.6235175132751465,0.0,7.927498819306493,0.0,SG,ok,
0.001,0.01,0.1,0.001,1000.0,1.0,1,0.5853021144866943,0.0,0.35478106141090393,0.0,0.23052102327346802,0.0,1.6235175132751465,0.0,2.208819627761841,0.0,0.5853021144866943,0.0,0.35478106141090393,0.0,0.23052102327346802,0.0,1.6235175132751465,0.0,2.208819627761841,0.0,0.5853021144866943,0.0,0.35478106141090393,0.0,0.23052102327346802,0.0,1.6235175132751465,0.0,7.940486793406308,0.0,SG,ok,
0.001,0.01,0.1,0.01,1000.0,1.0,1,0.5853021144866943,0.0,0.35478106141090393,0.0,0.23052102327346802,0.0,1.6235175132751465,0.0,2.208819627761841,0.0,0.5853021144866943,0.0,0.35478106141090393,0.0,0.23052102327346802,0.0,1.6235175132751465,0.0,2.208819627761841,0.0,0.5853021144866943,0.0,0.35478106141090393,0.0,0.23052102327346802,0.0,1.6235175132751465,0.0,7.915868207812309,0.0,SG,ok,
0.001,0.01,0.1,0.1,1000.0,1.0,1,0.5853021144866943,0.0,0.35478106141090393,0.0,0.23052102327346802,0.0,1.6235175132751465,0.0,2.208819627761841,0.0,0.5853021144866943,0.0,0.35478106141090393,0.0,0.23052102327346802,0.0,1.6235175132751465,0.0,2.208819627761841,0.0,0.5853021144866943,0.0,0.35478106141090393,0.0,0.23052102327346802,0.0,1.6235175132751465,0.0,7.873311771079898,0.0,SG,ok,
0.001,0.1,0.1,0.001,1000.0,1.0,1,0.5853021144866943,0.0,0.35478106141090393,0.0,0.23052102327346802,0.0,1.6235175132751465,0.0,2.208819627761841,0.0,0.5853021144866943,0.0,0.35478106141090393,0.0,0.23052102327346802,0.0,1.6235175132751465,0.0,2.208819627761841,0.0,0.5853021144866943,0.0,0.35478106141090393,0.0,0.23052102327346802,0.0,1.6235175132751465,0.0,7.911313057877123,0.0,SG,ok,
0.001,0.1,0.1,0.01,1000.0,1.0,1,0.5853021144866943,0.0,0.35478106141090393,0.0,0.23052102327346802,0.0,1.6235175132751465,0.0,2.208819627761841,0.0,0.5853021144866943,0.0,0.35478106141090393,0.0,0.23052102327346802,0.0,1.6235175132751465,0.0,2.208819627761841,0.0,0.5853021144866943,0.0,0.35478106141090393,0.0,0.23052102327346802,0.0,1.6235175132751465,0.0,7.863104118034244,0.0,SG,ok,
0.001,0.1,0.1,0.1,1000.0,1.0,1,0.5853021144866943,0.0,0.35478106141090393,0.0,0.23052102327346802,0.0,1.6235175132751465,0.0,2.208819627761841,0.0,0.5853021144866943,0.0,0.35478106141090393,0.0,0.23052102327346802,0.0,1.6235175132751465,0.0,2.208819627761841,0.0,0.5853021144866943,0.0,0.35478106141090393,0.0,0.23052102327346802,0.0,1.6235175132751465,0.0,7.839245496317744,0.0,SG,ok,
0.001,0.1,0.1,0.001,10.0,1.0,1,0.3643626570701599,0.0,0.36358287930488586,0.0,0.0007797739817760885,0.0,1.0224215984344482,0.0,1.3867842555046082,0.0,0.3643626570701599,0.0,0.36358287930488586,0.0,0.0007797739817760885,0.0,1.0224215984344482,0.0,1.3867842555046082,0.0,0.3643626570701599,0.0,0.36358287930488586,0.0,0.0007797739817760885,0.0,1.0224215984344482,0.0,7.886935407295823,0.0,SG,ok,
0.001,0.1,0.1,0.01,10.0,1.0,1,0.3643626570701599,0.0,0.36358287930488586,0.0,0.0007797739817760885,0.0,1.0224215984344482,0.0,1.3867842555046082,0.0,0.3643626570701599,0.0,0.36358287930488586,0.0,0.0007797739817760885,0.0,1.0224215984344482,0.0,1.3867842555046082,0.0,0.3643626570701599,0.0,0.36358287930488586,0.0,0.0007797739817760885,0.0,1.0224215984344482,0.0,7.91034275572747,0.0,SG,ok,
0.001,0.1,0.1,0.1,10.0,1.0,1,0.3643626570701599,0.0,0.36358287930488586,0.0,0.0007797739817760885,0.0,1.0224215984344482,0.0,1.3867842555046082,0.0,0.3643626570701599,0.0,0.36358287930488586,0.0,0.0007797739817760885,0.0,1.0224215984344482,0.0,1.3867842555046082,0.0,0.3643626570701599,0.0,0.36358287930488586,0.0,0.0007797739817760885,0.0,1.0224215984344482,0.0,7.891424095258117,0.0,SG,ok,
0.001,0.001,0.1,0.001,10.0,1.0,1,0.3696357309818268,0.0,0.3695797026157379,0.0,5.603391764452681e-05,0.0,0.5444924235343933,0.0,0.9141281545162201,0.0,0.3696357309818268,0.0,0.3695797026157379,0.0,5.603391764452681e-05,0.0,0.5444924235343933,0.0,0.9141281545162201,0.0,0.3696357309818268,0.0,0.3695797026157379,0.0,5.603391764452681e-05,0.0,0.5444924235343933,0.0,7.926857504993677,0.0,SG,ok,
0.001,0.001,0.1,0.01,10.0,1.0,1,0.3696357309818268,0.0,0.3695797026157379,0.0,5.603391764452681e-05,0.0,0.5444924235343933,0.0,0.9141281545162201,0.0,0.3696357309818268,0.0,0.3695797026157379,0.0,5.603391764452681e-05,0.0,0.5444924235343933,0.0,0.9141281545162201,0.0,0.3696357309818268,0.0,0.3695797026157379,0.0,5.603391764452681e-05,0.0,0.5444924235343933,0.0,7.971613124012947,0.0,SG,ok,
0.001,0.001,0.1,0.1,10.0,1.0,1,0.3696357309818268,0.0,0.3695797026157379,0.0,5.603391764452681e-05,0.0,0.5444924235343933,0.0,0.9141281545162201,0.0,0.3696357309818268,0.0,0.3695797026157379,0.0,5.603391764452681e-05,0.0,0.5444924235343933,0.0,0.9141281545162201,0.0,0.3696357309818268,0.0,0.3695797026157379,0.0,5.603391764452681e-05,0.0,0.5444924235343933,0.0,7.90740006044507,0.0,SG,ok,
0.001,0.01,0.1,0.001,10.0,1.0,1,0.3879058361053467,0.0,0.38731011748313904,0.0,0.0005957221146672964,0.0,1.0157090425491333,0.0,1.40361487865448,0.0,0.3879058361053467,0.0,0.38731011748313904,0.0,0.0005957221146672964,0.0,1.0157090425491333,0.0,1.40361487865448,0.0,0.3879058361053467,0.0,0.38731011748313904,0.0,0.0005957221146672964,0.0,1.0157090425491333,0.0,7.918707977049053,0.0,SG,ok,
0.001,0.01,0.1,0.01,10.0,1.0,1,0.3879058361053467,0.0,0.38731011748313904,0.0,0.0005957221146672964,0.0,1.0157090425491333,0.0,1.40361487865448,0.0,0.3879058361053467,0.0,0.38731011748313904,0.0,0.0005957221146672964,0.0,1.0157090425491333,0.0,1.40361487865448,0.0,0.3879058361053467,0.0,0.38731011748313904,0.0,0.0005957221146672964,0.0,1.0157090425491333,0.0,7.8919662758708,0.0,SG,ok,
0.001,0.01,0.1,0.1,10.0,1.0,1,0.3879058361053467,0.0,0.38731011748313904,0.0,0.0005957221146672964,0.0,1.0157090425491333,0.0,1.40361487865448,0.0,0.3879058361053467,0.0,0.38731011748313904,0.0,0.0005957221146672964,0.0,1.0157090425491333,0.0,1.40361487865448,0.0,0.3879058361053467,0.0,0.38731011748313904,0.0,0.0005957221146672964,0.0,1.0157090425491333,0.0,7.89554902818054,0.0,SG,ok,
0.001,0.1,0.1,0.001,100.0,1.0,1,0.5189470648765564,0.0,0.3929230868816376,0.0,0.12602399289608002,0.0,0.5619803667068481,0.0,1.0809274315834045,0.0,0.5189470648765564,0.0,0.3929230868816376,0.0,0.12602399289608002,0.0,0.5619803667068481,0.0,1.0809274315834045,0.0,0.5189470648765564,0.0,0.3929230868816376,0.0,0.12602399289608002,0.0,0.5619803667068481,0.0,7.930071598850191,0.0,SG,ok,
0.001,0.1,0.1,0.01,100.0,1.0,1,0.5189470648765564,0.0,0.3929230868816376,0.0,0.12602399289608002,0.0,0.5619803667068481,0.0,1.0809274315834045,0.0,0.5189470648765564,0.0,0.3929230868816376,0.0,0.12602399289608002,0.0,0.5619803667068481,0.0,1.0809274315834045,0.0,0.5189470648765564,0.0,0.3929230868816376,0.0,0.12602399289608002,0.0,0.5619803667068481,0.0,7.890876734629273,0.0,SG,ok,
0.001,0.1,0.1,0.1,100.0,1.0,1,0.5189470648765564,0.0,0.3929230868816376,0.0,0.12602399289608002,0.0,0.5619803667068481,0.0,1.0809274315834045,0.0,0.5189470648765564,0.0,0.3929230868816376,0.0,0.12602399289608002,0.0,0.5619803667068481,0.0,1.0809274315834045,0.0,0.5189470648765564,0.0,0.3929230868816376,0.0,0.12602399289608002,0.0,0.5619803667068481,0.0,7.791405758820474,0.0,SG,ok,
0.001,0.01,0.1,0.001,100.0,1.0,1,0.5193463563919067,0.0,0.39308393001556396,0.0,0.12626244127750397,0.0,0.6679285764694214,0.0,1.1872749328613281,0.0,0.5193463563919067,0.0,0.39308393001556396,0.0,0.12626244127750397,0.0,0.6679285764694214,0.0,1.1872749328613281,0.0,0.5193463563919067,0.0,0.39308393001556396,0.0,0.12626244127750397,0.0,0.6679285764694214,0.0,7.930997172370553,0.0,SG,ok,
0.001,0.01,0.1,0.01,100.0,1.0,1,0.5193463563919067,0.0,0.39308393001556396,0.0,0.12626244127750397,0.0,0.6679285764694214,0.0,1.1872749328613281,0.0,0.5193463563919067,0.0,0.39308393001556396,0.0,0.12626244127750397,0.0,0.6679285764694214,0.0,1.1872749328613281,0.0,0.5193463563919067,0.0,0.39308393001556396,0.0,0.12626244127750397,0.0,0.6679285764694214,0.0,7.910995656624436,0.0,SG,ok,
0.001,0.01,0.1,0.1,100.0,1.0,1,0.5193463563919067,0.0,0.39308393001556396,0.0,0.12626244127750397,0.0,0.6679285764694214,0.0,1.1872749328613281,0.0,0.5193463563919067,0.0,0.39308393001556396,0.0,0.12626244127750397,0.0,0.6679285764694214,0.0,1.1872749328613281,0.0,0.5193463563919067,0.0,0.39308393001556396,0.0,0.12626244127750397,0.0,0.6679285764694214,0.0,7.906814269721508,0.0,SG,ok,
0.001,0.0001,0.1,0.001,100.0,1.0,1,0.5193566083908081,0.0,0.3930937945842743,0.0,0.126262828707695,0.0,0.6754969954490662,0.0,1.1948536038398743,0.0,0.5193566083908081,0.0,0.3930937945842743,0.0,0.126262828707695,0.0,0.6754969954490662,0.0,1.1948536038398743,0.0,0.5193566083908081,0.0,0.3930937945842743,0.0,0.126262828707695,0.0,0.6754969954490662,0.0,7.94437272194773,0.0,SG,ok,
0.001,0.0001,0.1,0.01,100.0,1.0,1,0.5193566083908081,0.0,0.3930937945842743,0.0,0.126262828707695,0.0,0.6754969954490662,0.0,1.1948536038398743,0.0,0.5193566083908081,0.0,0.3930937945842743,0.0,0.126262828707695,0.0,0.6754969954490662,0.0,1.1948536038398743,0.0,0.5193566083908081,0.0,0.3930937945842743,0.0,0.126262828707695,0.0,0.6754969954490662,0.0,7.95488503202796,0.0,SG,ok,
0.001,0.0001,0.1,0.1,100.0,1.0,1,0.5193566083908081,0.0,0.3930937945842743,0.0,0.126262828707695,0.0,0.6754969954490662,0.0,1.1948536038398743,0.0,0.5193566083908081,0.0,0.3930937945842743,0.0,0.126262828707695,0.0,0.6754969954490662,0.0,1.1948536038398743,0.0,0.5193566083908081,0.0,0.3930937945842743,0.0,0.126262828707695,0.0,0.6754969954490662,0.0,7.943920292891562,0.0,SG,ok,
0.001,0.001,0.1,0.001,100.0,1.0,1,0.5193566083908081,0.0,0.3930937945842743,0.0,0.126262828707695,0.0,0.6745970249176025,0.0,1.1939536333084106,0.0,0.5193566083908081,0.0,0.3930937945842743,0.0,0.126262828707695,0.0,0.6745970249176025,0.0,1.1939536333084106,0.0,0.5193566083908081,0.0,0.3930937945842743,0.0,0.126262828707695,0.0,0.6745970249176025,0.0,7.925857563503087,0.0,SG,ok,
0.001,0.001,0.1,0.01,100.0,1.0,1,0.5193566083908081,0.0,0.3930937945842743,0.0,0.126262828707695,0.0,0.6745970249176025,0.0,1.1939536333084106,0.0,0.5193566083908081,0.0,0.3930937945842743,0.0,0.126262828707695,0.0,0.6745970249176025,0.0,1.1939536333084106,0.0,0.5193566083908081,0.0,0.3930937945842743,0.0,0.126262828707695,0.0,0.6745970249176025,0.0,7.930385342799127,0.0,SG,ok,
0.001,0.001,0.1,0.1,100.0,1.0,1,0.5193566083908081,0.0,0.3930937945842743,0.0,0.126262828707695,0.0,0.6745970249176025,0.0,1.1939536333084106,0.0,0.5193566083908081,0.0,0.3930937945842743,0.0,0.126262828707695,0.0,0.6745970249176025,0.0,1.1939536333084106,0.0,0.5193566083908081,0.0,0.3930937945842743,0.0,0.126262828707695,0.0,0.6745970249176025,0.0,7.929765669628978,0.0,SG,ok,
0.001,0.001,0.01,0.001,100.0,1.0,1,0.5203301906585693,0.0,0.39425796270370483,0.0,0.1260722428560257,0.0,0.6419339776039124,0.0,1.1622641682624817,0.0,0.5203301906585693,0.0,0.39425796270370483,0.0,0.1260722428560257,0.0,0.6419339776039124,0.0,1.1622641682624817,0.0,0.5203301906585693,0.0,0.39425796270370483,0.0,0.1260722428560257,0.0,0.6419339776039124,0.0,7.963933326303959,0.0,SG,ok,
0.001,0.001,0.01,0.01,100.0,1.0,1,0.5203301906585693,0.0,0.39425796270370483,0.0,0.1260722428560257,0.0,0.6419339776039124,0.0,1.1622641682624817,0.0,0.5203301906585693,0.0,0.39425796270370483,0.0,0.1260722428560257,0.0,0.6419339776039124,0.0,1.1622641682624817,0.0,0.5203301906585693,0.0,0.39425796270370483,0.0,0.1260722428560257,0.0,0.6419339776039124,0.0,7.994477264583111,0.0,SG,ok,
0.001,0.001,0.01,0.1,100.0,1.0,1,0.5203301906585693,0.0,0.39425796270370483,0.0,0.1260722428560257,0.0,0.6419339776039124,0.0,1.1622641682624817,0.0,0.5203301906585693,0.0,0.39425796270370483,0.0,0.1260722428560257,0.0,0.6419339776039124,0.0,1.1622641682624817,0.0,0.5203301906585693,0.0,0.39425796270370483,0.0,0.1260722428560257,0.0,0.6419339776039124,0.0,7.956886931322515,0.0,SG,ok,
0.001,0.0001,0.01,0.001,100.0,1.0,1,0.5203304290771484,0.0,0.39425820112228394,0.0,0.1260722428560257,0.0,0.6421278119087219,0.0,1.1624582409858704,0.0,0.5203304290771484,0.0,0.39425820112228394,0.0,0.1260722428560257,0.0,0.6421278119087219,0.0,1.1624582409858704,0.0,0.5203304290771484,0.0,0.39425820112228394,0.0,0.1260722428560257,0.0,0.6421278119087219,0.0,7.945445445366204,0.0,SG,ok,
0.001,0.0001,0.01,0.01,100.0,1.0,1,0.5203304290771484,0.0,0.39425820112228394,0.0,0.1260722428560257,0.0,0.6421278119087219,0.0,1.1624582409858704,0.0,0.5203304290771484,0.0,0.39425820112228394,0.0,0.1260722428560257,0.0,0.6421278119087219,0.0,1.1624582409858704,0.0,0.5203304290771484,0.0,0.39425820112228394,0.0,0.1260722428560257,0.0,0.6421278119087219,0.0,7.960127776488662,0.0,SG,ok,
0.001,0.0001,0.01,0.1,100.0,1.0,1,0.5203304290771484,0.0,0.39425820112228394,0.0,0.1260722428560257,0.0,0.6421278119087219,0.0,1.1624582409858704,0.0,0.5203304290771484,0.0,0.39425820112228394,0.0,0.1260722428560257,0.0,0.6421278119087219,0.0,1.1624582409858704,0.0,0.5203304290771484,0.0,0.39425820112228394,0.0,0.1260722428560257,0.0,0.6421278119087219,0.0,7.91303975880146,0.0,SG,ok,
0.001,0.01,0.01,0.001,100.0,1.0,1,0.520747721195221,0.0,0.39468449354171753,0.0,0.1260632425546646,0.0,0.7164833545684814,0.0,1.2372310757637024,0.0,0.520747721195221,0.0,0.39468449354171753,0.0,0.1260632425546646,0.0,0.7164833545684814,0.0,1.2372310757637024,0.0,0.520747721195221,0.0,0.39468449354171753,0.0,0.1260632425546646,0.0,0.7164833545684814,0.0,7.935865215025842,0.0,SG,ok,
0.001,0.01,0.01,0.01,100.0,1.0,1,0.520747721195221,0.0,0.39468449354171753,0.0,0.1260632425546646,0.0,0.7164833545684814,0.0,1.2372310757637024,0.0,0.520747721195221,0.0,0.39468449354171753,0.0,0.1260632425546646,0.0,0.7164833545684814,0.0,1.2372310757637024,0.0,0.520747721195221,0.0,0.39468449354171753,0.0,0.1260632425546646,0.0,0.7164833545684814,0.0,7.935713722370565,0.0,SG,ok,
0.001,0.01,0.01,0.1,100.0,1.0,1,0.520747721195221,0.0,0.39468449354171753,0.0,0.1260632425546646,0.0,0.7164833545684814,0.0,1.2372310757637024,0.0,0.520747721195221,0.0,0.39468449354171753,0.0,0.1260632425546646,0.0,0.7164833545684814,0.0,1.2372310757637024,0.0,0.520747721195221,0.0,0.39468449354171753,0.0,0.1260632425546646,0.0,0.7164833545684814,0.0,7.947160246782005,0.0,SG,ok,
0.001,0.1,0.01,0.001,100.0,1.0,1,0.520473062992096,0.0,0.3947722613811493,0.0,0.12570078670978546,0.0,0.6070928573608398,0.0,1.1275659203529358,0.0,0.520473062992096,0.0,0.3947722613811493,0.0,0.12570078670978546,0.0,0.6070928573608398,0.0,1.1275659203529358,0.0,0.520473062992096,0.0,0.3947722613811493,0.0,0.12570078670978546,0.0,0.6070928573608398,0.0,7.891763246618211,0.0,SG,ok,
0.001,0.1,0.01,0.01,100.0,1.0,1,0.520473062992096,0.0,0.3947722613811493,0.0,0.12570078670978546,0.0,0.6070928573608398,0.0,1.1275659203529358,0.0,0.520473062992096,0.0,0.3947722613811493,0.0,0.12570078670978546,0.0,0.6070928573608398,0.0,1.1275659203529358,0.0,0.520473062992096,0.0,0.3947722613811493,0.0,0.12570078670978546,0.0,0.6070928573608398,0.0,7.937881880439818,0.0,SG,ok,
0.001,0.1,0.01,0.1,100.0,1.0,1,0.520473062992096,0.0,0.3947722613811493,0.0,0.12570078670978546,0.0,0.6070928573608398,0.0,1.1275659203529358,0.0,0.520473062992096,0.0,0.3947722613811493,0.0,0.12570078670978546,0.0,0.6070928573608398,0.0,1.1275659203529358,0.0,0.520473062992096,0.0,0.3947722613811493,0.0,0.12570078670978546,0.0,0.6070928573608398,0.0,7.879443252459168,0.0,SG,ok,
0.001,0.001,0.001,0.001,100.0,1.0,1,0.5210267901420593,0.0,0.3950245678424835,0.0,0.1260022222995758,0.0,0.6743303537368774,0.0,1.1953571438789368,0.0,0.5210267901420593,0.0,0.3950245678424835,0.0,0.1260022222995758,0.0,0.6743303537368774,0.0,1.1953571438789368,0.0,0.5210267901420593,0.0,0.3950245678424835,0.0,0.1260022222995758,0.0,0.6743303537368774,0.0,7.948181791231036,0.0,SG,ok,
0.001,0.001,0.001,0.01,100.0,1.0,1,0.5210267901420593,0.0,0.3950245678424835,0.0,0.1260022222995758,0.0,0.6743303537368774,0.0,1.1953571438789368,0.0,0.5210267901420593,0.0,0.3950245678424835,0.0,0.1260022222995758,0.0,0.6743303537368774,0.0,1.1953571438789368,0.0,0.5210267901420593,0.0,0.3950245678424835,0.0,0.1260022222995758,0.0,0.6743303537368774,0.0,7.922561488114297,0.0,SG,ok,
0.001,0.001,0.001,0.1,100.0,1.0,1,0.5210267901420593,0.0,0.3950245678424835,0.0,0.1260022222995758,0.0,0.6743303537368774,0.0,1.1953571438789368,0.0,0.5210267901420593,0.0,0.3950245678424835,0.0,0.1260022222995758,0.0,0.6743303537368774,0.0,1.1953571438789368,0.0,0.5210267901420593,0.0,0.3950245678424835,0.0,0.1260022222995758,0.0,0.6743303537368774,0.0,7.995849460363388,0.0,SG,ok,
0.001,0.0001,0.001,0.001,100.0,1.0,1,0.5210274457931519,0.0,0.3950251638889313,0.0,0.1260022521018982,0.0,0.674487292766571,0.0,1.195514738559723,0.0,0.5210274457931519,0.0,0.3950251638889313,0.0,0.1260022521018982,0.0,0.674487292766571,0.0,1.195514738559723,0.0,0.5210274457931519,0.0,0.3950251638889313,0.0,0.1260022521018982,0.0,0.674487292766571,0.0,7.99818411283195,0.0,SG,ok,
0.001,0.0001,0.001,0.01,100.0,1.0,1,0.5210274457931519,0.0,0.3950251638889313,0.0,0.1260022521018982,0.0,0.674487292766571,0.0,1.195514738559723,0.0,0.5210274457931519,0.0,0.3950251638889313,0.0,0.1260022521018982,0.0,0.674487292766571,0.0,1.195514738559723,0.0,0.5210274457931519,0.0,0.3950251638889313,0.0,0.1260022521018982,0.0,0.674487292766571,0.0,7.990303629077971,0.0,SG,ok,
0.001,0.0001,0.001,0.1,100.0,1.0,1,0.5210274457931519,0.0,0.3950251638889313,0.0,0.1260022521018982,0.0,0.674487292766571,0.0,1.195514738559723,0.0,0.5210274457931519,0.0,0.3950251638889313,0.0,0.1260022521018982,0.0,0.674487292766571,0.0,1.195514738559723,0.0,0.5210274457931519,0.0,0.3950251638889313,0.0,0.1260022521018982,0.0,0.674487292766571,0.0,7.959812551736832,0.0,SG,ok,
0.001,0.01,0.001,0.001,100.0,1.0,1,0.5209256410598755,0.0,0.395033061504364,0.0,0.12589260935783386,0.0,0.666388213634491,0.0,1.1873138546943665,0.0,0.5209256410598755,0.0,0.395033061504364,0.0,0.12589260935783386,0.0,0.666388213634491,0.0,1.1873138546943665,0.0,0.5209256410598755,0.0,0.395033061504364,0.0,0.12589260935783386,0.0,0.666388213634491,0.0,7.935551857575774,0.0,SG,ok,
0.001,0.01,0.001,0.01,100.0,1.0,1,0.5209256410598755,0.0,0.395033061504364,0.0,0.12589260935783386,0.0,0.666388213634491,0.0,1.1873138546943665,0.0,0.5209256410598755,0.0,0.395033061504364,0.0,0.12589260935783386,0.0,0.666388213634491,0.0,1.1873138546943665,0.0,0.5209256410598755,0.0,0.395033061504364,0.0,0.12589260935783386,0.0,0.666388213634491,0.0,7.947807279415429,0.0,SG,ok,
0.001,0.01,0.001,0.1,100.0,1.0,1,0.5209256410598755,0.0,0.395033061504364,0.0,0.12589260935783386,0.0,0.666388213634491,0.0,1.1873138546943665,0.0,0.5209256410598755,0.0,0.395033061504364,0.0,0.12589260935783386,0.0,0.666388213634491,0.0,1.1873138546943665,0.0,0.5209256410598755,0.0,0.395033061504364,0.0,0.12589260935783386,0.0,0.666388213634491,0.0,7.967062808573246,0.0,SG,ok,
0.001,0.1,0.001,0.001,100.0,1.0,1,0.5206875205039978,0.0,0.3951263427734375,0.0,0.1255611628293991,0.0,0.6173208951950073,0.0,1.1380084156990051,0.0,0.5206875205039978,0.0,0.3951263427734375,0.0,0.1255611628293991,0.0,0.6173208951950073,0.0,1.1380084156990051,0.0,0.5206875205039978,0.0,0.3951263427734375,0.0,0.1255611628293991,0.0,0.6173208951950073,0.0,7.958828219212592,0.0,SG,ok,
0.001,0.1,0.001,0.01,100.0,1.0,1,0.5206875205039978,0.0,0.3951263427734375,0.0,0.1255611628293991,0.0,0.6173208951950073,0.0,1.1380084156990051,0.0,0.5206875205039978,0.0,0.3951263427734375,0.0,0.1255611628293991,0.0,0.6173208951950073,0.0,1.1380084156990051,0.0,0.5206875205039978,0.0,0.3951263427734375,0.0,0.1255611628293991,0.0,0.6173208951950073,0.0,7.907720134593546,0.0,SG,ok,
0.001,0.1,0.001,0.1,100.0,1.0,1,0.5206875205039978,0.0,0.3951263427734375,0.0,0.1255611628293991,0.0,0.6173208951950073,0.0,1.1380084156990051,0.0,0.5206875205039978,0.0,0.3951263427734375,0.0,0.1255611628293991,0.0,0.6173208951950073,0.0,1.1380084156990051,0.0,0.5206875205039978,0.0,0.3951263427734375,0.0,0.1255611628293991,0.0,0.6173208951950073,0.0,7.94486094173044,0.0,SG,ok,
0.001,0.0001,0.001,0.01,1.0,1.0,1,1.0789039134979248,0.0,1.00600004196167,0.0,0.07290389388799667,0.0,729.005859375,0.0,730.0847632884979,0.0,1.0789039134979248,0.0,1.00600004196167,0.0,0.07290389388799667,0.0,729.005859375,0.0,730.0847632884979,0.0,0.8721052408218384,0.0,0.5006135106086731,0.0,0.07290389388799667,0.0,729.005859375,0.0,7.983398743905127,0.0,SG,ok,
0.001,0.0001,0.001,0.001,1.0,1.0,1,1.0789039134979248,0.0,1.00600004196167,0.0,0.07290389388799667,0.0,729.005859375,0.0,730.0847632884979,0.0,1.0789039134979248,0.0,1.00600004196167,0.0,0.07290389388799667,0.0,729.005859375,0.0,730.0847632884979,0.0,0.8721052408218384,0.0,0.5006135106086731,0.0,0.07290389388799667,0.0,729.005859375,0.0,7.979433616623282,0.0,SG,ok,
0.001,0.0001,0.001,0.1,1.0,1.0,1,1.0789039134979248,0.0,1.00600004196167,0.0,0.07290389388799667,0.0,729.005859375,0.0,730.0847632884979,0.0,1.0789039134979248,0.0,1.00600004196167,0.0,0.07290389388799667,0.0,729.005859375,0.0,730.0847632884979,0.0,0.8721052408218384,0.0,0.5006135106086731,0.0,0.07290389388799667,0.0,729.005859375,0.0,7.975262361578643,0.0,SG,ok,
0.001,0.0001,0.01,0.001,1.0,1.0,1,1.0789389610290527,0.0,1.00600004196167,0.0,0.07293891161680222,0.0,729.3560791015625,0.0,730.4350180625916,0.0,1.0789389610290527,0.0,1.00600004196167,0.0,0.07293891161680222,0.0,729.3560791015625,0.0,730.4350180625916,0.0,0.8721052408218384,0.0,0.5006135106086731,0.0,0.07293891161680222,0.0,729.3560791015625,0.0,7.9383150255307555,0.0,SG,ok,
0.001,0.0001,0.01,0.01,1.0,1.0,1,1.0789389610290527,0.0,1.00600004196167,0.0,0.07293891161680222,0.0,729.3560791015625,0.0,730.4350180625916,0.0,1.0789389610290527,0.0,1.00600004196167,0.0,0.07293891161680222,0.0,729.3560791015625,0.0,730.4350180625916,0.0,0.8721052408218384,0.0,0.5006135106086731,0.0,0.07293891161680222,0.0,729.3560791015625,0.0,7.900470677763224,0.0,SG,ok,
0.001,0.0001,0.01,0.1,1.0,1.0,1,1.0789389610290527,0.0,1.00600004196167,0.0,0.07293891161680222,0.0,729.3560791015625,0.0,730.4350180625916,0.0,1.0789389610290527,0.0,1.00600004196167,0.0,0.07293891161680222,0.0,729.3560791015625,0.0,730.4350180625916,0.0,0.8721052408218384,0.0,0.5006135106086731,0.0,0.07293891161680222,0.0,729.3560791015625,0.0,7.9730065846815705,0.0,SG,ok,
0.001,0.0001,0.1,0.001,1.0,1.0,1,1.0792901515960693,0.0,1.00600004196167,0.0,0.07329011708498001,0.0,732.8684692382812,0.0,733.9477593898773,0.0,1.0792901515960693,0.0,1.00600004196167,0.0,0.07329011708498001,0.0,732.8684692382812,0.0,733.9477593898773,0.0,0.8721052408218384,0.0,0.5006135106086731,0.0,0.07329011708498001,0.0,732.8684692382812,0.0,7.956421089358628,0.0,SG,ok,
0.001,0.0001,0.1,0.01,1.0,1.0,1,1.0792901515960693,0.0,1.00600004196167,0.0,0.07329011708498001,0.0,732.8684692382812,0.0,733.9477593898773,0.0,1.0792901515960693,0.0,1.00600004196167,0.0,0.07329011708498001,0.0,732.8684692382812,0.0,733.9477593898773,0.0,0.8721052408218384,0.0,0.5006135106086731,0.0,0.07329011708498001,0.0,732.8684692382812,0.0,7.952413494698703,0.0,SG,ok,
0.001,0.0001,0.1,0.1,1.0,1.0,1,1.0792901515960693,0.0,1.00600004196167,0.0,0.07329011708498001,0.0,732.8684692382812,0.0,733.9477593898773,0.0,1.0792901515960693,0.0,1.00600004196167,0.0,0.07329011708498001,0.0,732.8684692382812,0.0,733.9477593898773,0.0,0.8721052408218384,0.0,0.5006135106086731,0.0,0.07329011708498001,0.0,732.8684692382812,0.0,7.962552722543478,0.0,SG,ok,
0.001,0.001,0.001,0.001,1.0,1.0,1,1.0789039134979248,0.0,1.00600004196167,0.0,0.07290389388799667,0.0,729.0050048828125,0.0,730.0839087963104,0.0,1.0789039134979248,0.0,1.00600004196167,0.0,0.07290389388799667,0.0,729.0050048828125,0.0,730.0839087963104,0.0,0.8721052408218384,0.0,0.5006135106086731,0.0,0.07290389388799667,0.0,729.0050048828125,0.0,7.920707575976849,0.0,SG,ok,
0.001,0.001,0.001,0.01,1.0,1.0,1,1.0789039134979248,0.0,1.00600004196167,0.0,0.07290389388799667,0.0,729.0050048828125,0.0,730.0839087963104,0.0,1.0789039134979248,0.0,1.00600004196167,0.0,0.07290389388799667,0.0,729.0050048828125,0.0,730.0839087963104,0.0,0.8721052408218384,0.0,0.5006135106086731,0.0,0.07290389388799667,0.0,729.0050048828125,0.0,7.949992064386606,0.0,SG,ok,
0.001,0.001,0.001,0.1,1.0,1.0,1,1.0789039134979248,0.0,1.00600004196167,0.0,0.07290389388799667,0.0,729.0050048828125,0.0,730.0839087963104,0.0,1.0789039134979248,0.0,1.00600004196167,0.0,0.07290389388799667,0.0,729.0050048828125,0.0,730.0839087963104,0.0,0.8721052408218384,0.0,0.5006135106086731,0.0,0.07290389388799667,0.0,729.0050048828125,0.0,7.912241326645017,0.0,SG,ok,
0.001,0.001,0.01,0.001,1.0,1.0,1,1.0789389610290527,0.0,1.00600004196167,0.0,0.07293891161680222,0.0,729.355224609375,0.0,730.434163570404,0.0,1.0789389610290527,0.0,1.00600004196167,0.0,0.07293891161680222,0.0,729.355224609375,0.0,730.434163570404,0.0,0.8721052408218384,0.0,0.5006135106086731,0.0,0.07293891161680222,0.0,729.355224609375,0.0,7.944083941169083,0.0,SG,ok,
0.001,0.001,0.01,0.01,1.0,1.0,1,1.0789389610290527,0.0,1.00600004196167,0.0,0.07293891161680222,0.0,729.355224609375,0.0,730.434163570404,0.0,1.0789389610290527,0.0,1.00600004196167,0.0,0.07293891161680222,0.0,729.355224609375,0.0,730.434163570404,0.0,0.8721052408218384,0.0,0.5006135106086731,0.0,0.07293891161680222,0.0,729.355224609375,0.0,7.943807689473033,0.0,SG,ok,
0.001,0.001,0.01,0.1,1.0,1.0,1,1.0789389610290527,0.0,1.00600004196167,0.0,0.07293891161680222,0.0,729.355224609375,0.0,730.434163570404,0.0,1.0789389610290527,0.0,1.00600004196167,0.0,0.07293891161680222,0.0,729.355224609375,0.0,730.434163570404,0.0,0.8721052408218384,0.0,0.5006135106086731,0.0,0.07293891161680222,0.0,729.355224609375,0.0,7.945609129965305,0.0,SG,ok,
0.001,0.001,0.1,0.001,1.0,1.0,1,1.0792901515960693,0.0,1.00600004196167,0.0,0.07329011708498001,0.0,732.8676147460938,0.0,733.9469048976898,0.0,1.0792901515960693,0.0,1.00600004196167,0.0,0.07329011708498001,0.0,732.8676147460938,0.0,733.9469048976898,0.0,0.8721052408218384,0.0,0.5006135106086731,0.0,0.07329011708498001,0.0,732.8676147460938,0.0,7.9341339990496635,0.0,SG,ok,
0.001,0.001,0.1,0.01,1.0,1.0,1,1.0792901515960693,0.0,1.00600004196167,0.0,0.07329011708498001,0.0,732.8676147460938,0.0,733.9469048976898,0.0,1.0792901515960693,0.0,1.00600004196167,0.0,0.07329011708498001,0.0,732.8676147460938,0.0,733.9469048976898,0.0,0.8721052408218384,0.0,0.5006135106086731,0.0,0.07329011708498001,0.0,732.8676147460938,0.0,7.942584621720016,0.0,SG,ok,
0.001,0.001,0.1,0.1,1.0,1.0,1,1.0792901515960693,0.0,1.00600004196167,0.0,0.07329011708498001,0.0,732.8676147460938,0.0,733.9469048976898,0.0,1.0792901515960693,0.0,1.00600004196167,0.0,0.07329011708498001,0.0,732.8676147460938,0.0,733.9469048976898,0.0,0.8721052408218384,0.0,0.5006135106086731,0.0,0.07329011708498001,0.0,732.8676147460938,0.0,7.930231736972928,0.0,SG,ok,
0.001,0.01,0.001,0.001,1.0,1.0,1,1.0789039134979248,0.0,1.00600004196167,0.0,0.07290389388799667,0.0,728.9959716796875,0.0,730.0748755931854,0.0,1.0789039134979248,0.0,1.00600004196167,0.0,0.07290389388799667,0.0,728.9959716796875,0.0,730.0748755931854,0.0,0.8721052408218384,0.0,0.5006135106086731,0.0,0.07290389388799667,0.0,728.9959716796875,0.0,7.967211442068219,0.0,SG,ok,
0.001,0.01,0.001,0.01,1.0,1.0,1,1.0789039134979248,0.0,1.00600004196167,0.0,0.07290389388799667,0.0,728.9959716796875,0.0,730.0748755931854,0.0,1.0789039134979248,0.0,1.00600004196167,0.0,0.07290389388799667,0.0,728.9959716796875,0.0,730.0748755931854,0.0,0.8721052408218384,0.0,0.5006135106086731,0.0,0.07290389388799667,0.0,728.9959716796875,0.0,7.9527556505054235,0.0,SG,ok,
0.001,0.01,0.001,0.1,1.0,1.0,1,1.0789039134979248,0.0,1.00600004196167,0.0,0.07290389388799667,0.0,728.9959716796875,0.0,730.0748755931854,0.0,1.0789039134979248,0.0,1.00600004196167,0.0,0.07290389388799667,0.0,728.9959716796875,0.0,730.0748755931854,0.0,0.8721052408218384,0.0,0.5006135106086731,0.0,0.07290389388799667,0.0,728.9959716796875,0.0,7.901555419899523,0.0,SG,ok,
0.001,0.01,0.01,0.001,1.0,1.0,1,1.0789389610290527,0.0,1.00600004196167,0.0,0.07293891161680222,0.0,729.34619140625,0.0,730.425130367279,0.0,1.0789389610290527,0.0,1.00600004196167,0.0,0.07293891161680222,0.0,729.34619140625,0.0,730.425130367279,0.0,0.8721052408218384,0.0,0.5006135106086731,0.0,0.07293891161680222,0.0,729.34619140625,0.0,7.930691138841212,0.0,SG,ok,
0.001,0.01,0.01,0.01,1.0,1.0,1,1.0789389610290527,0.0,1.00600004196167,0.0,0.07293891161680222,0.0,729.34619140625,0.0,730.425130367279,0.0,1.0789389610290527,0.0,1.00600004196167,0.0,0.07293891161680222,0.0,729.34619140625,0.0,730.425130367279,0.0,0.8721052408218384,0.0,0.5006135106086731,0.0,0.07293891161680222,0.0,729.34619140625,0.0,7.954559985548258,0.0,SG,ok,
0.001,0.01,0.01,0.1,1.0,1.0,1,1.0789389610290527,0.0,1.00600004196167,0.0,0.07293891161680222,0.0,729.34619140625,0.0,730.425130367279,0.0,1.0789389610290527,0.0,1.00600004196167,0.0,0.07293891161680222,0.0,729.34619140625,0.0,730.425130367279,0.0,0.8721052408218384,0.0,0.5006135106086731,0.0,0.07293891161680222,0.0,729.34619140625,0.0,7.930866644717753,0.0,SG,ok,
0.001,0.01,0.1,0.001,1.0,1.0,1,1.0792901515960693,0.0,1.00600004196167,0.0,0.07329011708498001,0.0,732.8585815429688,0.0,733.9378716945648,0.0,1.0792901515960693,0.0,1.00600004196167,0.0,0.07329011708498001,0.0,732.8585815429688,0.0,733.9378716945648,0.0,0.8721052408218384,0.0,0.5006135106086731,0.0,0.07329011708498001,0.0,732.8585815429688,0.0,7.947616185992956,0.0,SG,ok,
0.001,0.01,0.1,0.01,1.0,1.0,1,1.0792901515960693,0.0,1.00600004196167,0.0,0.07329011708498001,0.0,732.8585815429688,0.0,733.9378716945648,0.0,1.0792901515960693,0.0,1.00600004196167,0.0,0.07329011708498001,0.0,732.8585815429688,0.0,733.9378716945648,0.0,0.8721052408218384,0.0,0.5006135106086731,0.0,0.07329011708498001,0.0,732.8585815429688,0.0,7.929770737886429,0.0,SG,ok,
0.001,0.01,0.1,0.1,1.0,1.0,1,1.0792901515960693,0.0,1.00600004196167,0.0,0.07329011708498001,0.0,732.8585815429688,0.0,733.9378716945648,0.0,1.0792901515960693,0.0,1.00600004196167,0.0,0.07329011708498001,0.0,732.8585815429688,0.0,733.9378716945648,0.0,0.8721052408218384,0.0,0.5006135106086731,0.0,0.07329011708498001,0.0,732.8585815429688,0.0,7.9310026075690985,0.0,SG,ok,
0.001,0.1,0.001,0.001,1.0,1.0,1,1.0789039134979248,0.0,1.00600004196167,0.0,0.07290389388799667,0.0,728.906005859375,0.0,729.9849097728729,0.0,1.0789039134979248,0.0,1.00600004196167,0.0,0.07290389388799667,0.0,728.906005859375,0.0,729.9849097728729,0.0,0.8721052408218384,0.0,0.5006135106086731,0.0,0.07290389388799667,0.0,728.906005859375,0.0,7.955607085488737,0.0,SG,ok,
0.001,0.1,0.001,0.01,1.0,1.0,1,1.0789039134979248,0.0,1.00600004196167,0.0,0.07290389388799667,0.0,728.906005859375,0.0,729.9849097728729,0.0,1.0789039134979248,0.0,1.00600004196167,0.0,0.07290389388799667,0.0,728.906005859375,0.0,729.9849097728729,0.0,0.8721052408218384,0.0,0.5006135106086731,0.0,0.07290389388799667,0.0,728.906005859375,0.0,7.940459573641419,0.0,SG,ok,
0.001,0.1,0.001,0.1,1.0,1.0,1,1.0789039134979248,0.0,1.00600004196167,0.0,0.07290389388799667,0.0,728.906005859375,0.0,729.9849097728729,0.0,1.0789039134979248,0.0,1.00600004196167,0.0,0.07290389388799667,0.0,728.906005859375,0.0,729.9849097728729,0.0,0.8721052408218384,0.0,0.5006135106086731,0.0,0.07290389388799667,0.0,728.906005859375,0.0,7.9205516660586,0.0,SG,ok,
0.001,0.1,0.01,0.001,1.0,1.0,1,1.0789389610290527,0.0,1.00600004196167,0.0,0.07293891161680222,0.0,729.2562255859375,0.0,730.3351645469666,0.0,1.0789389610290527,0.0,1.00600004196167,0.0,0.07293891161680222,0.0,729.2562255859375,0.0,730.3351645469666,0.0,0.8721052408218384,0.0,0.5006135106086731,0.0,0.07293891161680222,0.0,729.2562255859375,0.0,7.917606653645635,0.0,SG,ok,
0.001,0.1,0.01,0.01,1.0,1.0,1,1.0789389610290527,0.0,1.00600004196167,0.0,0.07293891161680222,0.0,729.2562255859375,0.0,730.3351645469666,0.0,1.0789389610290527,0.0,1.00600004196167,0.0,0.07293891161680222,0.0,729.2562255859375,0.0,730.3351645469666,0.0,0.8721052408218384,0.0,0.5006135106086731,0.0,0.07293891161680222,0.0,729.2562255859375,0.0,7.9454433508217335,0.0,SG,ok,
0.001,0.1,0.01,0.1,1.0,1.0,1,1.0789389610290527,0.0,1.00600004196167,0.0,0.07293891161680222,0.0,729.2562255859375,0.0,730.3351645469666,0.0,1.0789389610290527,0.0,1.00600004196167,0.0,0.07293891161680222,0.0,729.2562255859375,0.0,730.3351645469666,0.0,0.8721052408218384,0.0,0.5006135106086731,0.0,0.07293891161680222,0.0,729.2562255859375,0.0,7.933616163209081,0.0,SG,ok,
0.001,0.1,0.1,0.001,1.0,1.0,1,1.0792901515960693,0.0,1.00600004196167,0.0,0.07329011708498001,0.0,732.7686157226562,0.0,733.8479058742523,0.0,1.0792901515960693,0.0,1.00600004196167,0.0,0.07329011708498001,0.0,732.7686157226562,0.0,733.8479058742523,0.0,0.8721052408218384,0.0,0.5006135106086731,0.0,0.07329011708498001,0.0,732.7686157226562,0.0,7.929762789979577,0.0,SG,ok,
0.001,0.1,0.1,0.01,1.0,1.0,1,1.0792901515960693,0.0,1.00600004196167,0.0,0.07329011708498001,0.0,732.7686157226562,0.0,733.8479058742523,0.0,1.0792901515960693,0.0,1.00600004196167,0.0,0.07329011708498001,0.0,732.7686157226562,0.0,733.8479058742523,0.0,0.8721052408218384,0.0,0.5006135106086731,0.0,0.07329011708498001,0.0,732.7686157226562,0.0,7.893498637713492,0.0,SG,ok,
0.001,0.1,0.1,0.1,1.0,1.0,1,1.0792901515960693,0.0,1.00600004196167,0.0,0.07329011708498001,0.0,732.7686157226562,0.0,733.8479058742523,0.0,1.0792901515960693,0.0,1.00600004196167,0.0,0.07329011708498001,0.0,732.7686157226562,0.0,733.8479058742523,0.0,0.8721052408218384,0.0,0.5006135106086731,0.0,0.07329011708498001,0.0,732.7686157226562,0.0,7.882352730259299,0.0,SG,ok,
