alpha,xi,sigma,beta,gamma0,threshold_scale,constraint_step_interval,num_seeds,final_total_mean,final_total_std,final_upper_mean,final_upper_std,final_lower_mean,final_lower_std,final_max_constraint_mean,final_max_constraint_std,final_score_mean,final_score_std,tail_mean_total_mean,tail_mean_total_std,tail_mean_upper_mean,tail_mean_upper_std,tail_mean_lower_mean,tail_mean_lower_std,tail_mean_max_constraint_mean,tail_mean_max_constraint_std,tail_score_mean,tail_score_std,best_total_mean,best_total_std,best_upper_mean,best_upper_std,best_lower_mean,best_lower_std,best_max_constraint_mean,best_max_constraint_std,time_mean,time_std,method,status,error
0.001,0.0001,0.001,0.0001,300.0,1.0,10,1,0.6016844511032104,0.0,0.11263834685087204,0.0,0.4890460968017578,0.0,17.375070571899414,0.0,17.976755023002625,0.0,0.6016844511032104,0.0,0.11263834685087204,0.0,0.4890460968017578,0.0,17.375070571899414,0.0,17.976755023002625,0.0,0.6016844511032104,0.0,0.11263834685087204,0.0,0.3714917302131653,0.0,12.63648796081543,0.0,19.068107628263533,0.0,SG,ok,
0.001,0.0001,0.001,0.001,300.0,1.0,10,1,0.6016844511032104,0.0,0.11263834685087204,0.0,0.4890460968017578,0.0,17.375070571899414,0.0,17.976755023002625,0.0,0.6016844511032104,0.0,0.11263834685087204,0.0,0.4890460968017578,0.0,17.375070571899414,0.0,17.976755023002625,0.0,0.6016844511032104,0.0,0.11263834685087204,0.0,0.3714917302131653,0.0,12.63648796081543,0.0,19.24075992871076,0.0,SG,ok,
0.001,0.0001,0.001,0.01,300.0,1.0,10,1,0.6016844511032104,0.0,0.11263834685087204,0.0,0.4890460968017578,0.0,17.375070571899414,0.0,17.976755023002625,0.0,0.6016844511032104,0.0,0.11263834685087204,0.0,0.4890460968017578,0.0,17.375070571899414,0.0,17.976755023002625,0.0,0.6016844511032104,0.0,0.11263834685087204,0.0,0.3714917302131653,0.0,12.63648796081543,0.0,18.487612707540393,0.0,SG,ok,
0.001,0.001,0.001,0.0001,300.0,1.0,10,1,0.6016844511032104,0.0,0.11263834685087204,0.0,0.4890460968017578,0.0,17.374170303344727,0.0,17.975854754447937,0.0,0.6016844511032104,0.0,0.11263834685087204,0.0,0.4890460968017578,0.0,17.374170303344727,0.0,17.975854754447937,0.0,0.6016844511032104,0.0,0.11263834685087204,0.0,0.3714917302131653,0.0,12.635587692260742,0.0,18.92862901650369,0.0,SG,ok,
0.001,0.001,0.001,0.001,300.0,1.0,10,1,0.6016844511032104,0.0,0.11263834685087204,0.0,0.4890460968017578,0.0,17.374170303344727,0.0,17.975854754447937,0.0,0.6016844511032104,0.0,0.11263834685087204,0.0,0.4890460968017578,0.0,17.374170303344727,0.0,17.975854754447937,0.0,0.6016844511032104,0.0,0.11263834685087204,0.0,0.3714917302131653,0.0,12.635587692260742,0.0,18.547795824706554,0.0,SG,ok,
0.001,0.001,0.001,0.01,300.0,1.0,10,1,0.6016844511032104,0.0,0.11263834685087204,0.0,0.4890460968017578,0.0,17.374170303344727,0.0,17.975854754447937,0.0,0.6016844511032104,0.0,0.11263834685087204,0.0,0.4890460968017578,0.0,17.374170303344727,0.0,17.975854754447937,0.0,0.6016844511032104,0.0,0.11263834685087204,0.0,0.3714917302131653,0.0,12.635587692260742,0.0,18.440213070251048,0.0,SG,ok,
0.001,0.0001,0.01,0.0001,300.0,1.0,10,1,0.6016872525215149,0.0,0.1126478835940361,0.0,0.4890393912792206,0.0,17.374675750732422,0.0,17.976363003253937,0.0,0.6016872525215149,0.0,0.1126478835940361,0.0,0.4890393912792206,0.0,17.374675750732422,0.0,17.976363003253937,0.0,0.6016872525215149,0.0,0.1126478835940361,0.0,0.3714917302131653,0.0,12.63648796081543,0.0,19.30745472200215,0.0,SG,ok,
0.001,0.0001,0.01,0.001,300.0,1.0,10,1,0.6016872525215149,0.0,0.1126478835940361,0.0,0.4890393912792206,0.0,17.374675750732422,0.0,17.976363003253937,0.0,0.6016872525215149,0.0,0.1126478835940361,0.0,0.4890393912792206,0.0,17.374675750732422,0.0,17.976363003253937,0.0,0.6016872525215149,0.0,0.1126478835940361,0.0,0.3714917302131653,0.0,12.63648796081543,0.0,18.358309188857675,0.0,SG,ok,
0.001,0.0001,0.01,0.01,300.0,1.0,10,1,0.6016872525215149,0.0,0.1126478835940361,0.0,0.4890393912792206,0.0,17.374675750732422,0.0,17.976363003253937,0.0,0.6016872525215149,0.0,0.1126478835940361,0.0,0.4890393912792206,0.0,17.374675750732422,0.0,17.976363003253937,0.0,0.6016872525215149,0.0,0.1126478835940361,0.0,0.3714917302131653,0.0,12.63648796081543,0.0,18.434696645475924,0.0,SG,ok,
0.001,0.001,0.01,0.0001,300.0,1.0,10,1,0.6016872525215149,0.0,0.1126478835940361,0.0,0.4890393912792206,0.0,17.373775482177734,0.0,17.97546273469925,0.0,0.6016872525215149,0.0,0.1126478835940361,0.0,0.4890393912792206,0.0,17.373775482177734,0.0,17.97546273469925,0.0,0.6016872525215149,0.0,0.1126478835940361,0.0,0.3714917302131653,0.0,12.635587692260742,0.0,19.145518611185253,0.0,SG,ok,
0.001,0.001,0.01,0.001,300.0,1.0,10,1,0.6016872525215149,0.0,0.1126478835940361,0.0,0.4890393912792206,0.0,17.373775482177734,0.0,17.97546273469925,0.0,0.6016872525215149,0.0,0.1126478835940361,0.0,0.4890393912792206,0.0,17.373775482177734,0.0,17.97546273469925,0.0,0.6016872525215149,0.0,0.1126478835940361,0.0,0.3714917302131653,0.0,12.635587692260742,0.0,18.3634472200647,0.0,SG,ok,
0.001,0.001,0.01,0.01,300.0,1.0,10,1,0.6016872525215149,0.0,0.1126478835940361,0.0,0.4890393912792206,0.0,17.373775482177734,0.0,17.97546273469925,0.0,0.6016872525215149,0.0,0.1126478835940361,0.0,0.4890393912792206,0.0,17.373775482177734,0.0,17.97546273469925,0.0,0.6016872525215149,0.0,0.1126478835940361,0.0,0.3714917302131653,0.0,12.635587692260742,0.0,19.044120106846094,0.0,SG,ok,
0.001,0.0001,0.001,0.0001,1000.0,1.0,10,1,0.7117046117782593,0.0,0.32528090476989746,0.0,0.38642367720603943,0.0,11.557129859924316,0.0,12.268834471702576,0.0,0.7117046117782593,0.0,0.32528090476989746,0.0,0.38642367720603943,0.0,11.557129859924316,0.0,12.268834471702576,0.0,0.7117046117782593,0.0,0.32528090476989746,0.0,0.3714917302131653,0.0,11.557129859924316,0.0,18.46708912216127,0.0,SG,ok,
0.001,0.0001,0.001,0.001,1000.0,1.0,10,1,0.7117046117782593,0.0,0.32528090476989746,0.0,0.38642367720603943,0.0,11.557129859924316,0.0,12.268834471702576,0.0,0.7117046117782593,0.0,0.32528090476989746,0.0,0.38642367720603943,0.0,11.557129859924316,0.0,12.268834471702576,0.0,0.7117046117782593,0.0,0.32528090476989746,0.0,0.3714917302131653,0.0,11.557129859924316,0.0,18.380709641613066,0.0,SG,ok,
0.001,0.0001,0.001,0.01,1000.0,1.0,10,1,0.7117046117782593,0.0,0.32528090476989746,0.0,0.38642367720603943,0.0,11.557129859924316,0.0,12.268834471702576,0.0,0.7117046117782593,0.0,0.32528090476989746,0.0,0.38642367720603943,0.0,11.557129859924316,0.0,12.268834471702576,0.0,0.7117046117782593,0.0,0.32528090476989746,0.0,0.3714917302131653,0.0,11.557129859924316,0.0,18.88422712497413,0.0,SG,ok,
0.001,0.001,0.001,0.0001,1000.0,1.0,10,1,0.7117046117782593,0.0,0.32528090476989746,0.0,0.38642367720603943,0.0,11.556229591369629,0.0,12.267934203147888,0.0,0.7117046117782593,0.0,0.32528090476989746,0.0,0.38642367720603943,0.0,11.556229591369629,0.0,12.267934203147888,0.0,0.7117046117782593,0.0,0.32528090476989746,0.0,0.3714917302131653,0.0,11.556229591369629,0.0,18.40407472103834,0.0,SG,ok,
0.001,0.001,0.001,0.001,1000.0,1.0,10,1,0.7117046117782593,0.0,0.32528090476989746,0.0,0.38642367720603943,0.0,11.556229591369629,0.0,12.267934203147888,0.0,0.7117046117782593,0.0,0.32528090476989746,0.0,0.38642367720603943,0.0,11.556229591369629,0.0,12.267934203147888,0.0,0.7117046117782593,0.0,0.32528090476989746,0.0,0.3714917302131653,0.0,11.556229591369629,0.0,18.546623109839857,0.0,SG,ok,
0.001,0.001,0.001,0.01,1000.0,1.0,10,1,0.7117046117782593,0.0,0.32528090476989746,0.0,0.38642367720603943,0.0,11.556229591369629,0.0,12.267934203147888,0.0,0.7117046117782593,0.0,0.32528090476989746,0.0,0.38642367720603943,0.0,11.556229591369629,0.0,12.267934203147888,0.0,0.7117046117782593,0.0,0.32528090476989746,0.0,0.3714917302131653,0.0,11.556229591369629,0.0,18.517854577861726,0.0,SG,ok,
0.001,0.0001,0.01,0.0001,1000.0,1.0,10,1,0.7117066979408264,0.0,0.3252831995487213,0.0,0.3864234983921051,0.0,11.557148933410645,0.0,12.268855631351471,0.0,0.7117066979408264,0.0,0.3252831995487213,0.0,0.3864234983921051,0.0,11.557148933410645,0.0,12.268855631351471,0.0,0.7117066979408264,0.0,0.3252831995487213,0.0,0.3714917302131653,0.0,11.557148933410645,0.0,18.505338709801435,0.0,SG,ok,
0.001,0.0001,0.01,0.001,1000.0,1.0,10,1,0.7117066979408264,0.0,0.3252831995487213,0.0,0.3864234983921051,0.0,11.557148933410645,0.0,12.268855631351471,0.0,0.7117066979408264,0.0,0.3252831995487213,0.0,0.3864234983921051,0.0,11.557148933410645,0.0,12.268855631351471,0.0,0.7117066979408264,0.0,0.3252831995487213,0.0,0.3714917302131653,0.0,11.557148933410645,0.0,19.282736864872277,0.0,SG,ok,
0.001,0.0001,0.01,0.01,1000.0,1.0,10,1,0.7117066979408264,0.0,0.3252831995487213,0.0,0.3864234983921051,0.0,11.557148933410645,0.0,12.268855631351471,0.0,0.7117066979408264,0.0,0.3252831995487213,0.0,0.3864234983921051,0.0,11.557148933410645,0.0,12.268855631351471,0.0,0.7117066979408264,0.0,0.3252831995487213,0.0,0.3714917302131653,0.0,11.557148933410645,0.0,18.854983002878726,0.0,SG,ok,
0.001,0.001,0.01,0.0001,1000.0,1.0,10,1,0.7117066979408264,0.0,0.3252831995487213,0.0,0.3864234983921051,0.0,11.556248664855957,0.0,12.267955362796783,0.0,0.7117066979408264,0.0,0.3252831995487213,0.0,0.3864234983921051,0.0,11.556248664855957,0.0,12.267955362796783,0.0,0.7117066979408264,0.0,0.3252831995487213,0.0,0.3714917302131653,0.0,11.556248664855957,0.0,19.35970619134605,0.0,SG,ok,
0.001,0.001,0.01,0.001,1000.0,1.0,10,1,0.7117066979408264,0.0,0.3252831995487213,0.0,0.3864234983921051,0.0,11.556248664855957,0.0,12.267955362796783,0.0,0.7117066979408264,0.0,0.3252831995487213,0.0,0.3864234983921051,0.0,11.556248664855957,0.0,12.267955362796783,0.0,0.7117066979408264,0.0,0.3252831995487213,0.0,0.3714917302131653,0.0,11.556248664855957,0.0,18.630182060413063,0.0,SG,ok,
0.001,0.001,0.01,0.01,1000.0,1.0,10,1,0.7117066979408264,0.0,0.3252831995487213,0.0,0.3864234983921051,0.0,11.556248664855957,0.0,12.267955362796783,0.0,0.7117066979408264,0.0,0.3252831995487213,0.0,0.3864234983921051,0.0,11.556248664855957,0.0,12.267955362796783,0.0,0.7117066979408264,0.0,0.3252831995487213,0.0,0.3714917302131653,0.0,11.556248664855957,0.0,15.987007970921695,0.0,SG,ok,
0.001,0.0001,0.01,0.0001,100.0,1.0,10,1,0.8783287405967712,0.0,0.018850190564990044,0.0,0.8594785332679749,0.0,47.332496643066406,0.0,48.21082538366318,0.0,0.8783287405967712,0.0,0.018850190564990044,0.0,0.8594785332679749,0.0,47.332496643066406,0.0,48.21082538366318,0.0,0.8721052408218384,0.0,0.018850190564990044,0.0,0.3714917302131653,0.0,12.63648796081543,0.0,18.495251088403165,0.0,SG,ok,
0.001,0.0001,0.01,0.001,100.0,1.0,10,1,0.8783287405967712,0.0,0.018850190564990044,0.0,0.8594785332679749,0.0,47.332496643066406,0.0,48.21082538366318,0.0,0.8783287405967712,0.0,0.018850190564990044,0.0,0.8594785332679749,0.0,47.332496643066406,0.0,48.21082538366318,0.0,0.8721052408218384,0.0,0.018850190564990044,0.0,0.3714917302131653,0.0,12.63648796081543,0.0,19.672444626688957,0.0,SG,ok,
0.001,0.0001,0.01,0.01,100.0,1.0,10,1,0.8783287405967712,0.0,0.018850190564990044,0.0,0.8594785332679749,0.0,47.332496643066406,0.0,48.21082538366318,0.0,0.8783287405967712,0.0,0.018850190564990044,0.0,0.8594785332679749,0.0,47.332496643066406,0.0,48.21082538366318,0.0,0.8721052408218384,0.0,0.018850190564990044,0.0,0.3714917302131653,0.0,12.63648796081543,0.0,18.81452871579677,0.0,SG,ok,
0.001,0.001,0.01,0.0001,100.0,1.0,10,1,0.8783287405967712,0.0,0.018850190564990044,0.0,0.8594785332679749,0.0,47.33159637451172,0.0,48.20992511510849,0.0,0.8783287405967712,0.0,0.018850190564990044,0.0,0.8594785332679749,0.0,47.33159637451172,0.0,48.20992511510849,0.0,0.8721052408218384,0.0,0.018850190564990044,0.0,0.3714917302131653,0.0,12.635587692260742,0.0,18.83450096193701,0.0,SG,ok,
0.001,0.001,0.01,0.001,100.0,1.0,10,1,0.8783287405967712,0.0,0.018850190564990044,0.0,0.8594785332679749,0.0,47.33159637451172,0.0,48.20992511510849,0.0,0.8783287405967712,0.0,0.018850190564990044,0.0,0.8594785332679749,0.0,47.33159637451172,0.0,48.20992511510849,0.0,0.8721052408218384,0.0,0.018850190564990044,0.0,0.3714917302131653,0.0,12.635587692260742,0.0,18.25266997050494,0.0,SG,ok,
0.001,0.001,0.01,0.01,100.0,1.0,10,1,0.8783287405967712,0.0,0.018850190564990044,0.0,0.8594785332679749,0.0,47.33159637451172,0.0,48.20992511510849,0.0,0.8783287405967712,0.0,0.018850190564990044,0.0,0.8594785332679749,0.0,47.33159637451172,0.0,48.20992511510849,0.0,0.8721052408218384,0.0,0.018850190564990044,0.0,0.3714917302131653,0.0,12.635587692260742,0.0,18.499702519737184,0.0,SG,ok,
0.001,0.0001,0.001,0.0001,100.0,1.0,10,1,0.8783591389656067,0.0,0.01884716935455799,0.0,0.8595119714736938,0.0,47.33381652832031,0.0,48.21217566728592,0.0,0.8783591389656067,0.0,0.01884716935455799,0.0,0.8595119714736938,0.0,47.33381652832031,0.0,48.21217566728592,0.0,0.8721052408218384,0.0,0.01884716935455799,0.0,0.3714917302131653,0.0,12.63648796081543,0.0,18.290380530059338,0.0,SG,ok,
0.001,0.0001,0.001,0.001,100.0,1.0,10,1,0.8783591389656067,0.0,0.01884716935455799,0.0,0.8595119714736938,0.0,47.33381652832031,0.0,48.21217566728592,0.0,0.8783591389656067,0.0,0.01884716935455799,0.0,0.8595119714736938,0.0,47.33381652832031,0.0,48.21217566728592,0.0,0.8721052408218384,0.0,0.01884716935455799,0.0,0.3714917302131653,0.0,12.63648796081543,0.0,19.34817226231098,0.0,SG,ok,
0.001,0.0001,0.001,0.01,100.0,1.0,10,1,0.8783591389656067,0.0,0.01884716935455799,0.0,0.8595119714736938,0.0,47.33381652832031,0.0,48.21217566728592,0.0,0.8783591389656067,0.0,0.01884716935455799,0.0,0.8595119714736938,0.0,47.33381652832031,0.0,48.21217566728592,0.0,0.8721052408218384,0.0,0.01884716935455799,0.0,0.3714917302131653,0.0,12.63648796081543,0.0,18.77399391401559,0.0,SG,ok,
0.001,0.001,0.001,0.0001,100.0,1.0,10,1,0.8783591389656067,0.0,0.01884716935455799,0.0,0.8595119714736938,0.0,47.332916259765625,0.0,48.21127539873123,0.0,0.8783591389656067,0.0,0.01884716935455799,0.0,0.8595119714736938,0.0,47.332916259765625,0.0,48.21127539873123,0.0,0.8721052408218384,0.0,0.01884716935455799,0.0,0.3714917302131653,0.0,12.635587692260742,0.0,18.609330048784614,0.0,SG,ok,
0.001,0.001,0.001,0.001,100.0,1.0,10,1,0.8783591389656067,0.0,0.01884716935455799,0.0,0.8595119714736938,0.0,47.332916259765625,0.0,48.21127539873123,0.0,0.8783591389656067,0.0,0.01884716935455799,0.0,0.8595119714736938,0.0,47.332916259765625,0.0,48.21127539873123,0.0,0.8721052408218384,0.0,0.01884716935455799,0.0,0.3714917302131653,0.0,12.635587692260742,0.0,19.50421603024006,0.0,SG,ok,
0.001,0.001,0.001,0.01,100.0,1.0,10,1,0.8783591389656067,0.0,0.01884716935455799,0.0,0.8595119714736938,0.0,47.332916259765625,0.0,48.21127539873123,0.0,0.8783591389656067,0.0,0.01884716935455799,0.0,0.8595119714736938,0.0,47.332916259765625,0.0,48.21127539873123,0.0,0.8721052408218384,0.0,0.01884716935455799,0.0,0.3714917302131653,0.0,12.635587692260742,0.0,19.018893588334322,0.0,SG,ok,
0.001,0.0001,0.001,0.0001,30.0,1.0,10,1,1.1936315298080444,0.0,0.02378397062420845,0.0,1.1698476076126099,0.0,65.63896942138672,0.0,66.83260095119476,0.0,1.1936315298080444,0.0,0.02378397062420845,0.0,1.1698476076126099,0.0,65.63896942138672,0.0,66.83260095119476,0.0,0.8721052408218384,0.0,0.02378397062420845,0.0,0.3714917302131653,0.0,12.63648796081543,0.0,19.005074981600046,0.0,SG,ok,
0.001,0.0001,0.001,0.001,30.0,1.0,10,1,1.1936315298080444,0.0,0.02378397062420845,0.0,1.1698476076126099,0.0,65.63896942138672,0.0,66.83260095119476,0.0,1.1936315298080444,0.0,0.02378397062420845,0.0,1.1698476076126099,0.0,65.63896942138672,0.0,66.83260095119476,0.0,0.8721052408218384,0.0,0.02378397062420845,0.0,0.3714917302131653,0.0,12.63648796081543,0.0,18.370654522441328,0.0,SG,ok,
0.001,0.0001,0.001,0.01,30.0,1.0,10,1,1.1936315298080444,0.0,0.02378397062420845,0.0,1.1698476076126099,0.0,65.63896942138672,0.0,66.83260095119476,0.0,1.1936315298080444,0.0,0.02378397062420845,0.0,1.1698476076126099,0.0,65.63896942138672,0.0,66.83260095119476,0.0,0.8721052408218384,0.0,0.02378397062420845,0.0,0.3714917302131653,0.0,12.63648796081543,0.0,18.31408628821373,0.0,SG,ok,
0.001,0.001,0.001,0.0001,30.0,1.0,10,1,1.1936315298080444,0.0,0.02378397062420845,0.0,1.1698476076126099,0.0,65.63806915283203,0.0,66.83170068264008,0.0,1.1936315298080444,0.0,0.02378397062420845,0.0,1.1698476076126099,0.0,65.63806915283203,0.0,66.83170068264008,0.0,0.8721052408218384,0.0,0.02378397062420845,0.0,0.3714917302131653,0.0,12.635587692260742,0.0,18.509738092310727,0.0,SG,ok,
0.001,0.001,0.001,0.001,30.0,1.0,10,1,1.1936315298080444,0.0,0.02378397062420845,0.0,1.1698476076126099,0.0,65.63806915283203,0.0,66.83170068264008,0.0,1.1936315298080444,0.0,0.02378397062420845,0.0,1.1698476076126099,0.0,65.63806915283203,0.0,66.83170068264008,0.0,0.8721052408218384,0.0,0.02378397062420845,0.0,0.3714917302131653,0.0,12.635587692260742,0.0,18.883742110803723,0.0,SG,ok,
0.001,0.001,0.001,0.01,30.0,1.0,10,1,1.1936315298080444,0.0,0.02378397062420845,0.0,1.1698476076126099,0.0,65.63806915283203,0.0,66.83170068264008,0.0,1.1936315298080444,0.0,0.02378397062420845,0.0,1.1698476076126099,0.0,65.63806915283203,0.0,66.83170068264008,0.0,0.8721052408218384,0.0,0.02378397062420845,0.0,0.3714917302131653,0.0,12.635587692260742,0.0,19.241291460581124,0.0,SG,ok,
0.001,0.0001,0.01,0.0001,30.0,1.0,10,1,1.1938048601150513,0.0,0.023798951879143715,0.0,1.1700059175491333,0.0,65.6636962890625,0.0,66.85750114917755,0.0,1.1938048601150513,0.0,0.023798951879143715,0.0,1.1700059175491333,0.0,65.6636962890625,0.0,66.85750114917755,0.0,0.8721052408218384,0.0,0.023798951879143715,0.0,0.3714917302131653,0.0,12.63648796081543,0.0,18.361179356463253,0.0,SG,ok,
0.001,0.0001,0.01,0.001,30.0,1.0,10,1,1.1938048601150513,0.0,0.023798951879143715,0.0,1.1700059175491333,0.0,65.6636962890625,0.0,66.85750114917755,0.0,1.1938048601150513,0.0,0.023798951879143715,0.0,1.1700059175491333,0.0,65.6636962890625,0.0,66.85750114917755,0.0,0.8721052408218384,0.0,0.023798951879143715,0.0,0.3714917302131653,0.0,12.63648796081543,0.0,18.46245974395424,0.0,SG,ok,
0.001,0.0001,0.01,0.01,30.0,1.0,10,1,1.1938048601150513,0.0,0.023798951879143715,0.0,1.1700059175491333,0.0,65.6636962890625,0.0,66.85750114917755,0.0,1.1938048601150513,0.0,0.023798951879143715,0.0,1.1700059175491333,0.0,65.6636962890625,0.0,66.85750114917755,0.0,0.8721052408218384,0.0,0.023798951879143715,0.0,0.3714917302131653,0.0,12.63648796081543,0.0,18.80030760448426,0.0,SG,ok,
0.001,0.001,0.01,0.0001,30.0,1.0,10,1,1.1938048601150513,0.0,0.023798951879143715,0.0,1.1700059175491333,0.0,65.66279602050781,0.0,66.85660088062286,0.0,1.1938048601150513,0.0,0.023798951879143715,0.0,1.1700059175491333,0.0,65.66279602050781,0.0,66.85660088062286,0.0,0.8721052408218384,0.0,0.023798951879143715,0.0,0.3714917302131653,0.0,12.635587692260742,0.0,18.205605015158653,0.0,SG,ok,
0.001,0.001,0.01,0.001,30.0,1.0,10,1,1.1938048601150513,0.0,0.023798951879143715,0.0,1.1700059175491333,0.0,65.66279602050781,0.0,66.85660088062286,0.0,1.1938048601150513,0.0,0.023798951879143715,0.0,1.1700059175491333,0.0,65.66279602050781,0.0,66.85660088062286,0.0,0.8721052408218384,0.0,0.023798951879143715,0.0,0.3714917302131653,0.0,12.635587692260742,0.0,18.554627189412713,0.0,SG,ok,
0.001,0.001,0.01,0.01,30.0,1.0,10,1,1.1938048601150513,0.0,0.023798951879143715,0.0,1.1700059175491333,0.0,65.66279602050781,0.0,66.85660088062286,0.0,1.1938048601150513,0.0,0.023798951879143715,0.0,1.1700059175491333,0.0,65.66279602050781,0.0,66.85660088062286,0.0,0.8721052408218384,0.0,0.023798951879143715,0.0,0.3714917302131653,0.0,12.635587692260742,0.0,19.1386431818828,0.0,SG,ok,
