alpha,xi,sigma,beta,gamma0,threshold_scale,constraint_step_interval,num_seeds,final_total_mean,final_total_std,final_upper_mean,final_upper_std,final_lower_mean,final_lower_std,final_max_constraint_mean,final_max_constraint_std,final_score_mean,final_score_std,tail_mean_total_mean,tail_mean_total_std,tail_mean_upper_mean,tail_mean_upper_std,tail_mean_lower_mean,tail_mean_lower_std,tail_mean_max_constraint_mean,tail_mean_max_constraint_std,tail_score_mean,tail_score_std,best_total_mean,best_total_std,best_upper_mean,best_upper_std,best_lower_mean,best_lower_std,best_max_constraint_mean,best_max_constraint_std,time_mean,time_std,lower_scale,method,status,error
0.001,0.0001,0.001,0.01,300.0,1.0,10,1,0.6016844511032104,0.0,0.11263834685087204,0.0,0.4890460968017578,0.0,17.375070571899414,0.0,17.976755023002625,0.0,0.6016844511032104,0.0,0.11263834685087204,0.0,0.4890460968017578,0.0,17.375070571899414,0.0,17.976755023002625,0.0,0.6016844511032104,0.0,0.11263834685087204,0.0,0.3714917302131653,0.0,12.63648796081543,0.0,420.80729874875396,0.0,1.0,SG,ok,
0.001,0.0001,0.001,0.001,300.0,1.0,10,1,0.6016844511032104,0.0,0.11263834685087204,0.0,0.4890460968017578,0.0,17.375070571899414,0.0,17.976755023002625,0.0,0.6016844511032104,0.0,0.11263834685087204,0.0,0.4890460968017578,0.0,17.375070571899414,0.0,17.976755023002625,0.0,0.6016844511032104,0.0,0.11263834685087204,0.0,0.3714917302131653,0.0,12.63648796081543,0.0,427.4820652315393,0.0,1.0,SG,ok,
0.001,0.0001,0.001,0.0001,300.0,1.0,10,1,0.6016844511032104,0.0,0.11263834685087204,0.0,0.4890460968017578,0.0,17.375070571899414,0.0,17.976755023002625,0.0,0.6016844511032104,0.0,0.11263834685087204,0.0,0.4890460968017578,0.0,17.375070571899414,0.0,17.976755023002625,0.0,0.6016844511032104,0.0,0.11263834685087204,0.0,0.3714917302131653,0.0,12.63648796081543,0.0,428.7912878380157,0.0,1.0,SG,ok,
0.001,0.001,0.001,0.0001,300.0,1.0,10,1,0.6016844511032104,0.0,0.11263834685087204,0.0,0.4890460968017578,0.0,17.374170303344727,0.0,17.975854754447937,0.0,0.6016844511032104,0.0,0.11263834685087204,0.0,0.4890460968017578,0.0,17.374170303344727,0.0,17.975854754447937,0.0,0.6016844511032104,0.0,0.11263834685087204,0.0,0.3714917302131653,0.0,12.635587692260742,0.0,446.7997207636945,0.0,1.0,SG,ok,
0.001,0.001,0.001,0.001,300.0,1.0,10,1,0.6016844511032104,0.0,0.11263834685087204,0.0,0.4890460968017578,0.0,17.374170303344727,0.0,17.975854754447937,0.0,0.6016844511032104,0.0,0.11263834685087204,0.0,0.4890460968017578,0.0,17.374170303344727,0.0,17.975854754447937,0.0,0.6016844511032104,0.0,0.11263834685087204,0.0,0.3714917302131653,0.0,12.635587692260742,0.0,447.11179371597245,0.0,1.0,SG,ok,
0.001,0.001,0.001,0.01,300.0,1.0,10,1,0.6016844511032104,0.0,0.11263834685087204,0.0,0.4890460968017578,0.0,17.374170303344727,0.0,17.975854754447937,0.0,0.6016844511032104,0.0,0.11263834685087204,0.0,0.4890460968017578,0.0,17.374170303344727,0.0,17.975854754447937,0.0,0.6016844511032104,0.0,0.11263834685087204,0.0,0.3714917302131653,0.0,12.635587692260742,0.0,444.06844790373,0.0,1.0,SG,ok,
0.001,0.0001,0.01,0.0001,300.0,1.0,10,1,0.6016872525215149,0.0,0.1126478835940361,0.0,0.4890393912792206,0.0,17.374675750732422,0.0,17.976363003253937,0.0,0.6016872525215149,0.0,0.1126478835940361,0.0,0.4890393912792206,0.0,17.374675750732422,0.0,17.976363003253937,0.0,0.6016872525215149,0.0,0.1126478835940361,0.0,0.3714917302131653,0.0,12.63648796081543,0.0,421.6948031219654,0.0,1.0,SG,ok,
0.001,0.0001,0.01,0.01,300.0,1.0,10,1,0.6016872525215149,0.0,0.1126478835940361,0.0,0.4890393912792206,0.0,17.374675750732422,0.0,17.976363003253937,0.0,0.6016872525215149,0.0,0.1126478835940361,0.0,0.4890393912792206,0.0,17.374675750732422,0.0,17.976363003253937,0.0,0.6016872525215149,0.0,0.1126478835940361,0.0,0.3714917302131653,0.0,12.63648796081543,0.0,427.1523787304759,0.0,1.0,SG,ok,
0.001,0.0001,0.01,0.001,300.0,1.0,10,1,0.6016872525215149,0.0,0.1126478835940361,0.0,0.4890393912792206,0.0,17.374675750732422,0.0,17.976363003253937,0.0,0.6016872525215149,0.0,0.1126478835940361,0.0,0.4890393912792206,0.0,17.374675750732422,0.0,17.976363003253937,0.0,0.6016872525215149,0.0,0.1126478835940361,0.0,0.3714917302131653,0.0,12.63648796081543,0.0,432.62652899790555,0.0,1.0,SG,ok,
0.001,0.001,0.01,0.0001,300.0,1.0,10,1,0.6016872525215149,0.0,0.1126478835940361,0.0,0.4890393912792206,0.0,17.373775482177734,0.0,17.97546273469925,0.0,0.6016872525215149,0.0,0.1126478835940361,0.0,0.4890393912792206,0.0,17.373775482177734,0.0,17.97546273469925,0.0,0.6016872525215149,0.0,0.1126478835940361,0.0,0.3714917302131653,0.0,12.635587692260742,0.0,440.31683762092143,0.0,1.0,SG,ok,
0.001,0.001,0.01,0.001,300.0,1.0,10,1,0.6016872525215149,0.0,0.1126478835940361,0.0,0.4890393912792206,0.0,17.373775482177734,0.0,17.97546273469925,0.0,0.6016872525215149,0.0,0.1126478835940361,0.0,0.4890393912792206,0.0,17.373775482177734,0.0,17.97546273469925,0.0,0.6016872525215149,0.0,0.1126478835940361,0.0,0.3714917302131653,0.0,12.635587692260742,0.0,440.1022478658706,0.0,1.0,SG,ok,
0.001,0.001,0.01,0.01,300.0,1.0,10,1,0.6016872525215149,0.0,0.1126478835940361,0.0,0.4890393912792206,0.0,17.373775482177734,0.0,17.97546273469925,0.0,0.6016872525215149,0.0,0.1126478835940361,0.0,0.4890393912792206,0.0,17.373775482177734,0.0,17.97546273469925,0.0,0.6016872525215149,0.0,0.1126478835940361,0.0,0.3714917302131653,0.0,12.635587692260742,0.0,434.74048183718696,0.0,1.0,SG,ok,
0.001,0.0001,0.001,0.0001,1000.0,1.0,10,1,0.7117046117782593,0.0,0.32528090476989746,0.0,0.38642367720603943,0.0,11.557129859924316,0.0,12.268834471702576,0.0,0.7117046117782593,0.0,0.32528090476989746,0.0,0.38642367720603943,0.0,11.557129859924316,0.0,12.268834471702576,0.0,0.7117046117782593,0.0,0.32528090476989746,0.0,0.3714917302131653,0.0,11.557129859924316,0.0,424.4356382098049,0.0,1.0,SG,ok,
0.001,0.0001,0.001,0.01,1000.0,1.0,10,1,0.7117046117782593,0.0,0.32528090476989746,0.0,0.38642367720603943,0.0,11.557129859924316,0.0,12.268834471702576,0.0,0.7117046117782593,0.0,0.32528090476989746,0.0,0.38642367720603943,0.0,11.557129859924316,0.0,12.268834471702576,0.0,0.7117046117782593,0.0,0.32528090476989746,0.0,0.3714917302131653,0.0,11.557129859924316,0.0,427.25496879871935,0.0,1.0,SG,ok,
0.001,0.0001,0.001,0.001,1000.0,1.0,10,1,0.7117046117782593,0.0,0.32528090476989746,0.0,0.38642367720603943,0.0,11.557129859924316,0.0,12.268834471702576,0.0,0.7117046117782593,0.0,0.32528090476989746,0.0,0.38642367720603943,0.0,11.557129859924316,0.0,12.268834471702576,0.0,0.7117046117782593,0.0,0.32528090476989746,0.0,0.3714917302131653,0.0,11.557129859924316,0.0,433.323959635105,0.0,1.0,SG,ok,
0.001,0.001,0.001,0.0001,1000.0,1.0,10,1,0.7117046117782593,0.0,0.32528090476989746,0.0,0.38642367720603943,0.0,11.556229591369629,0.0,12.267934203147888,0.0,0.7117046117782593,0.0,0.32528090476989746,0.0,0.38642367720603943,0.0,11.556229591369629,0.0,12.267934203147888,0.0,0.7117046117782593,0.0,0.32528090476989746,0.0,0.3714917302131653,0.0,11.556229591369629,0.0,447.2892906027846,0.0,1.0,SG,ok,
0.001,0.001,0.001,0.001,1000.0,1.0,10,1,0.7117046117782593,0.0,0.32528090476989746,0.0,0.38642367720603943,0.0,11.556229591369629,0.0,12.267934203147888,0.0,0.7117046117782593,0.0,0.32528090476989746,0.0,0.38642367720603943,0.0,11.556229591369629,0.0,12.267934203147888,0.0,0.7117046117782593,0.0,0.32528090476989746,0.0,0.3714917302131653,0.0,11.556229591369629,0.0,445.22827676776797,0.0,1.0,SG,ok,
0.001,0.001,0.001,0.01,1000.0,1.0,10,1,0.7117046117782593,0.0,0.32528090476989746,0.0,0.38642367720603943,0.0,11.556229591369629,0.0,12.267934203147888,0.0,0.7117046117782593,0.0,0.32528090476989746,0.0,0.38642367720603943,0.0,11.556229591369629,0.0,12.267934203147888,0.0,0.7117046117782593,0.0,0.32528090476989746,0.0,0.3714917302131653,0.0,11.556229591369629,0.0,444.1718274871819,0.0,1.0,SG,ok,
0.001,0.0001,0.01,0.0001,1000.0,1.0,10,1,0.7117066979408264,0.0,0.3252831995487213,0.0,0.3864234983921051,0.0,11.557148933410645,0.0,12.268855631351471,0.0,0.7117066979408264,0.0,0.3252831995487213,0.0,0.3864234983921051,0.0,11.557148933410645,0.0,12.268855631351471,0.0,0.7117066979408264,0.0,0.3252831995487213,0.0,0.3714917302131653,0.0,11.557148933410645,0.0,419.07223061006516,0.0,1.0,SG,ok,
0.001,0.0001,0.01,0.001,1000.0,1.0,10,1,0.7117066979408264,0.0,0.3252831995487213,0.0,0.3864234983921051,0.0,11.557148933410645,0.0,12.268855631351471,0.0,0.7117066979408264,0.0,0.3252831995487213,0.0,0.3864234983921051,0.0,11.557148933410645,0.0,12.268855631351471,0.0,0.7117066979408264,0.0,0.3252831995487213,0.0,0.3714917302131653,0.0,11.557148933410645,0.0,427.520710344892,0.0,1.0,SG,ok,
0.001,0.0001,0.01,0.01,1000.0,1.0,10,1,0.7117066979408264,0.0,0.3252831995487213,0.0,0.3864234983921051,0.0,11.557148933410645,0.0,12.268855631351471,0.0,0.7117066979408264,0.0,0.3252831995487213,0.0,0.3864234983921051,0.0,11.557148933410645,0.0,12.268855631351471,0.0,0.7117066979408264,0.0,0.3252831995487213,0.0,0.3714917302131653,0.0,11.557148933410645,0.0,437.8793389429338,0.0,1.0,SG,ok,
0.001,0.001,0.01,0.0001,1000.0,1.0,10,1,0.7117066979408264,0.0,0.3252831995487213,0.0,0.3864234983921051,0.0,11.556248664855957,0.0,12.267955362796783,0.0,0.7117066979408264,0.0,0.3252831995487213,0.0,0.3864234983921051,0.0,11.556248664855957,0.0,12.267955362796783,0.0,0.7117066979408264,0.0,0.3252831995487213,0.0,0.3714917302131653,0.0,11.556248664855957,0.0,440.9808572665788,0.0,1.0,SG,ok,
0.001,0.001,0.01,0.001,1000.0,1.0,10,1,0.7117066979408264,0.0,0.3252831995487213,0.0,0.3864234983921051,0.0,11.556248664855957,0.0,12.267955362796783,0.0,0.7117066979408264,0.0,0.3252831995487213,0.0,0.3864234983921051,0.0,11.556248664855957,0.0,12.267955362796783,0.0,0.7117066979408264,0.0,0.3252831995487213,0.0,0.3714917302131653,0.0,11.556248664855957,0.0,439.2391294473782,0.0,1.0,SG,ok,
0.001,0.001,0.01,0.01,1000.0,1.0,10,1,0.7117066979408264,0.0,0.3252831995487213,0.0,0.3864234983921051,0.0,11.556248664855957,0.0,12.267955362796783,0.0,0.7117066979408264,0.0,0.3252831995487213,0.0,0.3864234983921051,0.0,11.556248664855957,0.0,12.267955362796783,0.0,0.7117066979408264,0.0,0.3252831995487213,0.0,0.3714917302131653,0.0,11.556248664855957,0.0,434.47960031731054,0.0,1.0,SG,ok,
0.001,0.0001,0.01,0.0001,100.0,1.0,10,1,0.8783287405967712,0.0,0.018850190564990044,0.0,0.8594785332679749,0.0,47.332496643066406,0.0,48.21082538366318,0.0,0.8783287405967712,0.0,0.018850190564990044,0.0,0.8594785332679749,0.0,47.332496643066406,0.0,48.21082538366318,0.0,0.8721052408218384,0.0,0.018850190564990044,0.0,0.3714917302131653,0.0,12.63648796081543,0.0,422.89807553961873,0.0,1.0,SG,ok,
0.001,0.0001,0.01,0.001,100.0,1.0,10,1,0.8783287405967712,0.0,0.018850190564990044,0.0,0.8594785332679749,0.0,47.332496643066406,0.0,48.21082538366318,0.0,0.8783287405967712,0.0,0.018850190564990044,0.0,0.8594785332679749,0.0,47.332496643066406,0.0,48.21082538366318,0.0,0.8721052408218384,0.0,0.018850190564990044,0.0,0.3714917302131653,0.0,12.63648796081543,0.0,427.08388372370973,0.0,1.0,SG,ok,
0.001,0.0001,0.01,0.01,100.0,1.0,10,1,0.8783287405967712,0.0,0.018850190564990044,0.0,0.8594785332679749,0.0,47.332496643066406,0.0,48.21082538366318,0.0,0.8783287405967712,0.0,0.018850190564990044,0.0,0.8594785332679749,0.0,47.332496643066406,0.0,48.21082538366318,0.0,0.8721052408218384,0.0,0.018850190564990044,0.0,0.3714917302131653,0.0,12.63648796081543,0.0,437.30295957345515,0.0,1.0,SG,ok,
0.001,0.001,0.01,0.0001,100.0,1.0,10,1,0.8783287405967712,0.0,0.018850190564990044,0.0,0.8594785332679749,0.0,47.33159637451172,0.0,48.20992511510849,0.0,0.8783287405967712,0.0,0.018850190564990044,0.0,0.8594785332679749,0.0,47.33159637451172,0.0,48.20992511510849,0.0,0.8721052408218384,0.0,0.018850190564990044,0.0,0.3714917302131653,0.0,12.635587692260742,0.0,442.2893843287602,0.0,1.0,SG,ok,
0.001,0.001,0.01,0.001,100.0,1.0,10,1,0.8783287405967712,0.0,0.018850190564990044,0.0,0.8594785332679749,0.0,47.33159637451172,0.0,48.20992511510849,0.0,0.8783287405967712,0.0,0.018850190564990044,0.0,0.8594785332679749,0.0,47.33159637451172,0.0,48.20992511510849,0.0,0.8721052408218384,0.0,0.018850190564990044,0.0,0.3714917302131653,0.0,12.635587692260742,0.0,440.6121815731749,0.0,1.0,SG,ok,
0.001,0.001,0.01,0.01,100.0,1.0,10,1,0.8783287405967712,0.0,0.018850190564990044,0.0,0.8594785332679749,0.0,47.33159637451172,0.0,48.20992511510849,0.0,0.8783287405967712,0.0,0.018850190564990044,0.0,0.8594785332679749,0.0,47.33159637451172,0.0,48.20992511510849,0.0,0.8721052408218384,0.0,0.018850190564990044,0.0,0.3714917302131653,0.0,12.635587692260742,0.0,435.09142720745876,0.0,1.0,SG,ok,
0.001,0.0001,0.001,0.01,100.0,1.0,10,1,0.8783591389656067,0.0,0.01884716935455799,0.0,0.8595119714736938,0.0,47.33381652832031,0.0,48.21217566728592,0.0,0.8783591389656067,0.0,0.01884716935455799,0.0,0.8595119714736938,0.0,47.33381652832031,0.0,48.21217566728592,0.0,0.8721052408218384,0.0,0.01884716935455799,0.0,0.3714917302131653,0.0,12.63648796081543,0.0,417.03708807751536,0.0,1.0,SG,ok,
0.001,0.0001,0.001,0.001,100.0,1.0,10,1,0.8783591389656067,0.0,0.01884716935455799,0.0,0.8595119714736938,0.0,47.33381652832031,0.0,48.21217566728592,0.0,0.8783591389656067,0.0,0.01884716935455799,0.0,0.8595119714736938,0.0,47.33381652832031,0.0,48.21217566728592,0.0,0.8721052408218384,0.0,0.01884716935455799,0.0,0.3714917302131653,0.0,12.63648796081543,0.0,417.32671948801726,0.0,1.0,SG,ok,
0.001,0.0001,0.001,0.0001,100.0,1.0,10,1,0.8783591389656067,0.0,0.01884716935455799,0.0,0.8595119714736938,0.0,47.33381652832031,0.0,48.21217566728592,0.0,0.8783591389656067,0.0,0.01884716935455799,0.0,0.8595119714736938,0.0,47.33381652832031,0.0,48.21217566728592,0.0,0.8721052408218384,0.0,0.01884716935455799,0.0,0.3714917302131653,0.0,12.63648796081543,0.0,417.3640700359829,0.0,1.0,SG,ok,
0.001,0.001,0.001,0.0001,100.0,1.0,10,1,0.8783591389656067,0.0,0.01884716935455799,0.0,0.8595119714736938,0.0,47.332916259765625,0.0,48.21127539873123,0.0,0.8783591389656067,0.0,0.01884716935455799,0.0,0.8595119714736938,0.0,47.332916259765625,0.0,48.21127539873123,0.0,0.8721052408218384,0.0,0.01884716935455799,0.0,0.3714917302131653,0.0,12.635587692260742,0.0,446.8191217337735,0.0,1.0,SG,ok,
0.001,0.001,0.001,0.001,100.0,1.0,10,1,0.8783591389656067,0.0,0.01884716935455799,0.0,0.8595119714736938,0.0,47.332916259765625,0.0,48.21127539873123,0.0,0.8783591389656067,0.0,0.01884716935455799,0.0,0.8595119714736938,0.0,47.332916259765625,0.0,48.21127539873123,0.0,0.8721052408218384,0.0,0.01884716935455799,0.0,0.3714917302131653,0.0,12.635587692260742,0.0,445.04714079061523,0.0,1.0,SG,ok,
0.001,0.001,0.001,0.01,100.0,1.0,10,1,0.8783591389656067,0.0,0.01884716935455799,0.0,0.8595119714736938,0.0,47.332916259765625,0.0,48.21127539873123,0.0,0.8783591389656067,0.0,0.01884716935455799,0.0,0.8595119714736938,0.0,47.332916259765625,0.0,48.21127539873123,0.0,0.8721052408218384,0.0,0.01884716935455799,0.0,0.3714917302131653,0.0,12.635587692260742,0.0,440.6575163058005,0.0,1.0,SG,ok,
0.001,0.0001,0.001,0.01,30.0,1.0,10,1,1.1936315298080444,0.0,0.02378397062420845,0.0,1.1698476076126099,0.0,65.63896942138672,0.0,66.83260095119476,0.0,1.1936315298080444,0.0,0.02378397062420845,0.0,1.1698476076126099,0.0,65.63896942138672,0.0,66.83260095119476,0.0,0.8721052408218384,0.0,0.02378397062420845,0.0,0.3714917302131653,0.0,12.63648796081543,0.0,425.77914851438254,0.0,1.0,SG,ok,
0.001,0.0001,0.001,0.0001,30.0,1.0,10,1,1.1936315298080444,0.0,0.02378397062420845,0.0,1.1698476076126099,0.0,65.63896942138672,0.0,66.83260095119476,0.0,1.1936315298080444,0.0,0.02378397062420845,0.0,1.1698476076126099,0.0,65.63896942138672,0.0,66.83260095119476,0.0,0.8721052408218384,0.0,0.02378397062420845,0.0,0.3714917302131653,0.0,12.63648796081543,0.0,427.21525382390246,0.0,1.0,SG,ok,
0.001,0.0001,0.001,0.001,30.0,1.0,10,1,1.1936315298080444,0.0,0.02378397062420845,0.0,1.1698476076126099,0.0,65.63896942138672,0.0,66.83260095119476,0.0,1.1936315298080444,0.0,0.02378397062420845,0.0,1.1698476076126099,0.0,65.63896942138672,0.0,66.83260095119476,0.0,0.8721052408218384,0.0,0.02378397062420845,0.0,0.3714917302131653,0.0,12.63648796081543,0.0,429.1794829387218,0.0,1.0,SG,ok,
0.001,0.001,0.001,0.0001,30.0,1.0,10,1,1.1936315298080444,0.0,0.02378397062420845,0.0,1.1698476076126099,0.0,65.63806915283203,0.0,66.83170068264008,0.0,1.1936315298080444,0.0,0.02378397062420845,0.0,1.1698476076126099,0.0,65.63806915283203,0.0,66.83170068264008,0.0,0.8721052408218384,0.0,0.02378397062420845,0.0,0.3714917302131653,0.0,12.635587692260742,0.0,446.45711631234735,0.0,1.0,SG,ok,
0.001,0.001,0.001,0.001,30.0,1.0,10,1,1.1936315298080444,0.0,0.02378397062420845,0.0,1.1698476076126099,0.0,65.63806915283203,0.0,66.83170068264008,0.0,1.1936315298080444,0.0,0.02378397062420845,0.0,1.1698476076126099,0.0,65.63806915283203,0.0,66.83170068264008,0.0,0.8721052408218384,0.0,0.02378397062420845,0.0,0.3714917302131653,0.0,12.635587692260742,0.0,444.81572109414265,0.0,1.0,SG,ok,
0.001,0.001,0.001,0.01,30.0,1.0,10,1,1.1936315298080444,0.0,0.02378397062420845,0.0,1.1698476076126099,0.0,65.63806915283203,0.0,66.83170068264008,0.0,1.1936315298080444,0.0,0.02378397062420845,0.0,1.1698476076126099,0.0,65.63806915283203,0.0,66.83170068264008,0.0,0.8721052408218384,0.0,0.02378397062420845,0.0,0.3714917302131653,0.0,12.635587692260742,0.0,444.8930948236957,0.0,1.0,SG,ok,
0.001,0.0001,0.01,0.01,30.0,1.0,10,1,1.1938048601150513,0.0,0.023798951879143715,0.0,1.1700059175491333,0.0,65.6636962890625,0.0,66.85750114917755,0.0,1.1938048601150513,0.0,0.023798951879143715,0.0,1.1700059175491333,0.0,65.6636962890625,0.0,66.85750114917755,0.0,0.8721052408218384,0.0,0.023798951879143715,0.0,0.3714917302131653,0.0,12.63648796081543,0.0,422.4130244748667,0.0,1.0,SG,ok,
0.001,0.0001,0.01,0.0001,30.0,1.0,10,1,1.1938048601150513,0.0,0.023798951879143715,0.0,1.1700059175491333,0.0,65.6636962890625,0.0,66.85750114917755,0.0,1.1938048601150513,0.0,0.023798951879143715,0.0,1.1700059175491333,0.0,65.6636962890625,0.0,66.85750114917755,0.0,0.8721052408218384,0.0,0.023798951879143715,0.0,0.3714917302131653,0.0,12.63648796081543,0.0,427.59906226815656,0.0,1.0,SG,ok,
0.001,0.0001,0.01,0.001,30.0,1.0,10,1,1.1938048601150513,0.0,0.023798951879143715,0.0,1.1700059175491333,0.0,65.6636962890625,0.0,66.85750114917755,0.0,1.1938048601150513,0.0,0.023798951879143715,0.0,1.1700059175491333,0.0,65.6636962890625,0.0,66.85750114917755,0.0,0.8721052408218384,0.0,0.023798951879143715,0.0,0.3714917302131653,0.0,12.63648796081543,0.0,438.5273270858452,0.0,1.0,SG,ok,
0.001,0.001,0.01,0.001,30.0,1.0,10,1,1.1938048601150513,0.0,0.023798951879143715,0.0,1.1700059175491333,0.0,65.66279602050781,0.0,66.85660088062286,0.0,1.1938048601150513,0.0,0.023798951879143715,0.0,1.1700059175491333,0.0,65.66279602050781,0.0,66.85660088062286,0.0,0.8721052408218384,0.0,0.023798951879143715,0.0,0.3714917302131653,0.0,12.635587692260742,0.0,440.30442309193313,0.0,1.0,SG,ok,
0.001,0.001,0.01,0.01,30.0,1.0,10,1,1.1938048601150513,0.0,0.023798951879143715,0.0,1.1700059175491333,0.0,65.66279602050781,0.0,66.85660088062286,0.0,1.1938048601150513,0.0,0.023798951879143715,0.0,1.1700059175491333,0.0,65.66279602050781,0.0,66.85660088062286,0.0,0.8721052408218384,0.0,0.023798951879143715,0.0,0.3714917302131653,0.0,12.635587692260742,0.0,437.4500264567323,0.0,1.0,SG,ok,
0.001,0.001,0.01,0.0001,30.0,1.0,10,1,1.1938048601150513,0.0,0.023798951879143715,0.0,1.1700059175491333,0.0,65.66279602050781,0.0,66.85660088062286,0.0,1.1938048601150513,0.0,0.023798951879143715,0.0,1.1700059175491333,0.0,65.66279602050781,0.0,66.85660088062286,0.0,0.8721052408218384,0.0,0.023798951879143715,0.0,0.3714917302131653,0.0,12.635587692260742,0.0,444.3066271864809,0.0,1.0,SG,ok,
